Workbook

Sheet Utama
A1: 1 | B1: Penilaian | H1: Bobot | I1: Nilai | J1: % | L1: Catatan/Keterangan/Penjelasan | M1: Rekomendasi
A2: 2
A3: 3 | B3: A. | C3: PENGUNGKIT | H3: 60 | I3: ='Ctt Eval'!I3 -> 55.57619
A4: 4 | C4: I. | D4: PEMENUHAN | H4: 30 | I4: ='Ctt Eval'!I4 -> 30 | J4: =I4/H4 -> 1
A5: 5 | D5: 1. | E5: MANAJEMEN PERUBAHAN | H5: 4 | I5: ='Ctt Eval'!I5 -> 4 | J5: =I5/H5 -> 1
A6: 22 | D6: 2. | E6: PENATAAN TATALAKSANA | H6: 3.5 | I6: ='Ctt Eval'!I10 -> 3.5 | J6: =I6/H6 -> 1
A7: 35 | D7: 3. | E7: PENATAAN SISTEM MANAJEMEN SDM APARATUR | H7: 5 | I7: ='Ctt Eval'!I14 -> 5 | J7: =I7/H7 -> 1
A8: 60 | D8: 4. | E8: PENGUATAN AKUNTABILITAS | H8: 5 | I8: ='Ctt Eval'!I21 -> 5 | J8: =I8/H8 -> 1
A9: 74 | D9: 5. | E9: PENGUATAN PENGAWASAN | H9: 7.5 | I9: ='Ctt Eval'!I24 -> 7.5 | J9: =I9/H9 -> 1
A10: 102 | D10: 6. | E10: PENINGKATAN KUALITAS PELAYANAN PUBLIK | H10: 5 | I10: ='Ctt Eval'!I30 -> 5 | J10: =I10/H10 -> 1
A11: 118 | C11: II. | D11: REFORM | H11: 30 | I11: ='Ctt Eval'!I34 -> 25.57619 | J11: =I11/H11 -> 0.85253968
A12: 5 | D12: 1. | E12: MANAJEMEN PERUBAHAN | H12: 4 | I12: ='Ctt Eval'!I35 -> 3.1428571 | J12: =I12/H12 -> 0.78571429
A13: 134 | D13: 2. | E13: PENATAAN TATALAKSANA | H13: 3.5 | I13: ='Ctt Eval'!I39 -> 3.5 | J13: =I13/H13 -> 1
A14: 147 | D14: 3. | E14: PENATAAN SISTEM MANAJEMEN SDM APARATUR | H14: 5 | I14: ='Ctt Eval'!I43 -> 5 | J14: =I14/H14 -> 1
A15: 157 | D15: 4. | E15: PENGUATAN AKUNTABILITAS | H15: 5 | I15: ='Ctt Eval'!I47 -> 4.2 | J15: =I15/H15 -> 0.84
A16: 182 | D16: 5. | E16: PENGUATAN PENGAWASAN | H16: 7.5 | I16: ='Ctt Eval'!I51 -> 4.7333333 | J16: =I16/H16 -> 0.63111111
A17: 203 | D17: 6. | E17: PENINGKATAN KUALITAS PELAYANAN PUBLIK | H17: 5 | I17: ='Ctt Eval'!I55 -> 5 | J17: =I17/H17 -> 1
A18: 211 | B18: TOTAL PENGUNGKIT | I18: ='Ctt Eval'!I58 -> 55.57619 | J18: =I18/H3 -> 0.92626984
A19: 212
A20: 214 | B20: B. | C20: HASIL | H20: 40 | I20: ='Ctt Eval'!I60 -> 40
A21: 215 | C21: I. | D21: BIROKRASI YANG BERSIH DAN AKUNTABEL | H21: 22.5 | I21: ='Ctt Eval'!I61 -> 22.5 | J21: =I21/H21 -> 1
A22: 216 | D22: a | E22: Nilai Survey Persepsi Korupsi (Survei Eksternal : Indeks Persepsi Anti Korupsi/ IPAK) | H22: 17.5 | I22: ='Ctt Eval'!I62 -> 17.5 | J22: =I22/H22 -> 1
A23: 218 | D23: b | E23: Capaian Kinerja Lebih Baik dari pada Capaian Kinerja Sebelumnya | H23: 5 | I23: ='Ctt Eval'!I63 -> 5 | J23: =I23/H23 -> 1
A24: 219 | C24: II. | D24: PELAYANAN PUBLIK YANG PRIMA | H24: 17.5 | I24: ='Ctt Eval'!I64 -> 17.5 | J24: =I24/H24 -> 1
A25: 221 | D25: a | E25: Nilai Persepsi Kualitas Pelayanan (Survei Eksternal : Indeks Persepsi Kualitas Pelayanan Publik / IPKP) | H25: 17.5 | I25: ='Ctt Eval'!I65 -> 17.5 | J25: =I25/H25 -> 1
A26: 222 | B26: TOTAL HASIL | I26: =I20 -> 40 | J26: =I26/H20 -> 1
A27: 223
B28: NILAI EVALUASI REFORMASI BIROKRASI | I28: ='Ctt Eval'!I68 -> 95.57619

Sheet Ctt Eval
A1: 1 | B1: Penilaian | H1: Bobot | I1: Nilai | J1: % | L1: Catatan/Keterangan/Penjelasan
A2: 2
A3: 3 | B3: A. | C3: PENGUNGKIT | H3: 60 | I3: =I58 -> 55.57619
A4: 4 | C4: I. | D4: PEMENUHAN | H4: 30 | I4: ='LKE ZI'!L5 -> 30 | J4: =I4/H4 -> 1
A5: 5 | D5: 1. | E5: MANAJEMEN PERUBAHAN | H5: 4 | I5: ='LKE ZI'!L6 -> 4 | J5: =I5/H5 -> 1
A6: 6 | E6: i. | F6: Tim Reformasi Birokrasi | H6: 0.5 | I6: ='LKE ZI'!L7 -> 0.5 | J6: =I6/H6 -> 1
A7: 9 | E7: ii. | F7: Rencana Pembangunan Zona Integritas | H7: 1 | I7: ='LKE ZI'!L10 -> 1 | J7: =I7/H7 -> 1
A8: 13 | E8: iii. | F8: Pemantauan dan Evaluasi Pembangunan WBK/WBBM | H8: 1 | I8: ='LKE ZI'!L14 -> 1 | J8: =I8/H8 -> 1
A9: 17 | E9: iv. | F9: Perubahan Pola Pikir dan Budaya Kerja | H9: 1.5 | I9: ='LKE ZI'!L18 -> 1.5 | J9: =I9/H9 -> 1
A10: 22 | D10: 2. | E10: PENATAAN TATALAKSANA | H10: 3.5 | I10: ='LKE ZI'!L23 -> 3.5 | J10: =I10/H10 -> 1
A11: 23 | E11: i. | F11: Prosedur Operasional Tetap (SOP) Kegiatan Utama | H11: 1 | I11: ='LKE ZI'!L24 -> 1 | J11: =I11/H11 -> 1
A12: 27 | E12: ii. | F12: Sistem Pemerintahan Berbasis Elektronik (SPBE) | H12: 2 | I12: ='LKE ZI'!L28 -> 2 | J12: =I12/H12 -> 1
A13: 32 | E13: iii. | F13: Keterbukaan Informasi Publik | H13: 0.5 | I13: ='LKE ZI'!L33 -> 0.5 | J13: =I13/H13 -> 1
A14: 35 | D14: 3. | E14: PENATAAN SISTEM MANAJEMEN SDM APARATUR | H14: 5 | I14: ='LKE ZI'!L36 -> 5 | J14: =I14/H14 -> 1
A15: 36 | E15: i. | F15: Perencanaan Kebutuhan Pegawai sesuai dengan Kebutuhan Organisasi | H15: 0.25 | I15: ='LKE ZI'!L37 -> 0.25 | J15: =I15/H15 -> 1
A16: 40 | E16: ii. | F16: Pola Mutasi Internal | H16: 0.5 | I16: ='LKE ZI'!L41 -> 0.5 | J16: =I16/H16 -> 1
A17: 44 | E17: iii. | F17: Pengembangan Pegawai Berbasis Kompetensi | H17: 1.25 | I17: ='LKE ZI'!L45 -> 1.25 | J17: =I17/H17 -> 1
A18: 51 | E18: iv. | F18: Penetapan Kinerja Individu | H18: 2 | I18: ='LKE ZI'!L52 -> 2 | J18: =I18/H18 -> 1
A19: 56 | E19: v. | F19: Penegakan Aturan Disiplin/Kode Etik/Kode Perilaku Pegawai | H19: 0.75 | I19: ='LKE ZI'!L57 -> 0.75 | J19: =I19/H19 -> 1
A20: 58 | E20: vi. | F20: Sistem Informasi Kepegawaian | H20: 0.25 | I20: ='LKE ZI'!L59 -> 0.25 | J20: =I20/H20 -> 1
A21: 60 | D21: 4. | E21: PENGUATAN AKUNTABILITAS | H21: 5 | I21: ='LKE ZI'!L61 -> 5 | J21: =I21/H21 -> 1
A22: 61 | E22: i. | F22: Keterlibatan Pimpinan | H22: 2.5 | I22: ='LKE ZI'!L62 -> 2.5 | J22: =I22/H22 -> 1
A23: 65 | E23: ii. | F23: Pengelolaan Akuntabilitas Kinerja | H23: 2.5 | I23: ='LKE ZI'!L66 -> 2.5 | J23: =I23/H23 -> 1
A24: 74 | D24: 5. | E24: PENGUATAN PENGAWASAN | H24: 7.5 | I24: ='LKE ZI'!L75 -> 7.5 | J24: =I24/H24 -> 1
A25: 75 | E25: i. | F25: Pengendalian Gratifikasi | H25: 1.5 | I25: ='LKE ZI'!L76 -> 1.5 | J25: =I25/H25 -> 1
A26: 78 | E26: ii. | F26: Penerapan Sistem Pengendalian Intern Pemerintah (SPIP) | H26: 1.5 | I26: ='LKE ZI'!L79 -> 1.5 | J26: =I26/H26 -> 1
A27: 83 | E27: iii. | F27: Pengaduan Masyarakat | H27: 1.5 | I27: ='LKE ZI'!L84 -> 1.5 | J27: =I27/H27 -> 1
A28: 91 | E28: iv. | F28: Whistle-Blowing System | H28: 1.5 | I28: ='LKE ZI'!L89 -> 1.5 | J28: =I28/H28 -> 1
A29: 96 | E29: v. | F29: Penanganan Benturan Kepentingan | H29: 1.5 | I29: ='LKE ZI'!L94 -> 1.5 | J29: =I29/H29 -> 1
A30: 102 | D30: 6. | E30: PENINGKATAN KUALITAS PELAYANAN PUBLIK | H30: 5 | I30: ='LKE ZI'!L100 -> 5 | J30: =I30/H30 -> 1
A31: 103 | E31: i. | F31: Standar Pelayanan | H31: 1.5 | I31: ='LKE ZI'!L101 -> 1 | J31: =I31/H31 -> 0.66666667
A32: 108 | E32: ii. | F32: Budaya Pelayanan Prima | H32: 2 | I32: ='LKE ZI'!L106 -> 1 | J32: =I32/H32 -> 0.5
A33: 114 | E33: iii. | F33: Penilaian Kepuasan Terhadap Pelayanan | H33: 1.5 | I33: ='LKE ZI'!L117 -> 1 | J33: =I33/H33 -> 0.66666667
A34: 118 | C34: II. | D34: REFORM | H34: 30 | I34: ='LKE ZI'!L125 -> 25.57619 | J34: =I34/H34 -> 0.85253968
A35: 5 | D35: 1. | E35: MANAJEMEN PERUBAHAN | H35: 4 | I35: ='LKE ZI'!L126 -> 3.1428571 | J35: =I35/H35 -> 0.78571429
A36: 120 | E36: i. | F36: Komitmen dalam Perubahan | H36: 2 | I36: ='LKE ZI'!L127 -> 1.1428571 | J36: =I36/H36 -> 0.57142857
A37: 128 | E37: ii. | F37: Komitmen Pimpinan | G37: Komitmen Pimpinan | H37: 1 | I37: ='LKE ZI'!L134 -> 1 | J37: =I37/H37 -> 1
A38: 130 | E38: iii. | F38: Membangun Budaya Kerja | G38: Membangun Budaya Kerja | H38: 1 | I38: ='LKE ZI'!L136 -> 1 | J38: =I38/H38 -> 1
A39: 134 | D39: 2. | E39: PENATAAN TATALAKSANA | H39: 3.5 | I39: ='LKE ZI'!L138 -> 3.5 | J39: =I39/H39 -> 1
A40: 135 | E40: i. | F40: Peta Proses Bisnis Mempengaruhi Penyederhanaan Jabatan | H40: 0.5 | I40: ='LKE ZI'!L139 -> 0.5 | J40: =I40/H40 -> 1
A41: 137 | E41: ii. | F41: Sistem Pemerintahan Berbasis Elektronik (SPBE) yang Terintegrasi | H41: 1 | I41: ='LKE ZI'!L141 -> 1 | J41: =I41/H41 -> 1
A42: 140 | E42: iii. | F42: Transformasi Digital Memberikan Nilai Manfaat | H42: 2 | I42: ='LKE ZI'!L144 -> 2 | J42: =I42/H42 -> 1
A43: 147 | D43: 3. | E43: PENATAAN SISTEM MANAJEMEN SDM APARATUR | H43: 5 | I43: ='LKE ZI'!L148 -> 5 | J43: =I43/H43 -> 1
A44: 148 | E44: i. | F44: Kinerja Individu | H44: 1.5 | I44: ='LKE ZI'!L149 -> 1.5 | J44: =I44/H44 -> 1
A45: 150 | E45: ii. | F45: Assessment Pegawai | H45: 1.5 | I45: ='LKE ZI'!L151 -> 1.5 | J45: =I45/H45 -> 1
A46: 152 | E46: iii. | F46: Pelanggaran Disiplin Pegawai | H46: 2 | I46: ='LKE ZI'!L153 -> 2 | J46: =I46/H46 -> 1
A47: 157 | D47: 4. | E47: PENGUATAN AKUNTABILITAS | H47: 5 | I47: ='LKE ZI'!L158 -> 4.2 | J47: =I47/H47 -> 0.84
A48: 173 | E48: i. | F48: Meningkatnya capaian kinerja unit kerja | H48: 1 | I48: ='LKE ZI'!L159 -> 1.2 | J48: =I48/H48 -> 1.2
A49: 177 | E49: ii. | F49: Pemberian Reward and Punishment | H49: 1 | I49: ='LKE ZI'!L163 -> 1.5 | J49: =I49/H49 -> 1.5
A50: 179 | E50: iii. | F50: Kerangka Logis Kinerja | H50: 1 | I50: ='LKE ZI'!L165 -> 1.5 | J50: =I50/H50 -> 1.5
A51: 182 | D51: 5. | E51: PENGUATAN PENGAWASAN | H51: 7.5 | I51: ='LKE ZI'!L167 -> 4.7333333 | J51: =I51/H51 -> 0.63111111
A52: 184 | E52: i. | F52: Penyampaian Laporan Harta Kekayaan Pejabat Negara (LHKPN) | H52: 2.5 | I52: ='LKE ZI'!L168 -> 2.5 | J52: =I52/H52 -> 1
A53: 190 | E53: ii. | F53: Penyampaian Laporan Harta Kekayaan Aparatur Sipil Negara (LHKASN) | H53: 2.5 | I53: ='LKE ZI'!#REF! -> #REF! | J53: =I53/H53 -> #REF!
A54: 197 | E54: iii. | F54: Penanganan Pengaduan Masyarakat | H54: 2.5 | I54: ='LKE ZI'!L170 -> 0.5 | J54: =I54/H54 -> 0.2
A55: 203 | D55: 6. | E55: PENINGKATAN KUALITAS PELAYANAN PUBLIK | H55: 5 | I55: ='LKE ZI'!L190 -> 5 | J55: =I55/H55 -> 1
A56: 204 | E56: i. | F56: Upaya dan/atau Inovasi Pelayanan Publik | H56: 2.5 | I56: ='LKE ZI'!L191 -> 2.5 | J56: =I56/H56 -> 1
A57: 209 | E57: ii. | F57: Penanganan Pengaduan Pelayanan dan Konsultasi | H57: 2.5 | I57: ='LKE ZI'!L196 -> 2.5 | J57: =I57/H57 -> 1
A58: 211 | B58: TOTAL PENGUNGKIT | I58: ='LKE ZI'!L198 -> 55.57619 | J58: =I58/H3 -> 0.92626984
A59: 212
A60: 214 | B60: B. | C60: HASIL | H60: 40 | I60: =I66 -> 40
A61: 215 | C61: I. | D61: BIROKRASI YANG BERSIH DAN AKUNTABEL | H61: 22.5 | I61: ='LKE ZI'!L201 -> 22.5 | J61: =I61/H61 -> 1
D62: a | E62: Nilai Survey Persepsi Korupsi (Survei Eksternal : Indeks Persepsi Anti Korupsi/ IPAK) | H62: 17.5 | I62: ='LKE ZI'!L202 -> 17.5 | J62: =I62/H62 -> 1
D63: b | E63: Capaian Kinerja Lebih Baik dari pada Capaian Kinerja Sebelumnya | H63: 5 | I63: ='LKE ZI'!L203 -> 5 | J63: =I63/H63 -> 1
A64: 218 | C64: II. | D64: PELAYANAN PUBLIK YANG PRIMA | H64: 17.5 | I64: ='LKE ZI'!L204 -> 17.5 | J64: =I64/H64 -> 1
D65: - | E65: Nilai Persepsi Kualitas Pelayanan (Survei Eksternal : Indeks Persepsi Kualitas Pelayanan Publik / IPKP) | H65: 17.5 | I65: ='LKE ZI'!L205 -> 17.5 | J65: =I65/H65 -> 1
A66: 221 | B66: TOTAL HASIL | I66: ='LKE ZI'!L206 -> 40 | J66: =I66/H60 -> 1
A67: 222
A68: 223 | B68: NILAI EVALUASI REFORMASI BIROKRASI | I68: ='LKE ZI'!L208 -> 95.57619

Sheet LKE ZI
B1: LAMPIRAN III PERATURAN MENTERI PENDAYAGUNAAN APARATUR NEGARA DAN REFORMASI BIROKRASI NOMOR 90 TAHUN 2021 TENTANG PEMBANGUNAN DAN EVALUASI PEMBANGUNAN ZONA INTEGRITAS MENUJU WILAYAH BEBAS DARI KORUPSI DAN WILAYAH BIROKRASI BERSIH DAN MELAYANI DI INSTANSI PEMERINTAH
A2: 1 | B2: Penilaian | H2: Bobot | I2: Penjelasan | J2: Pilihan Jawaban | K2: Jawaban | L2: Nilai | M2: % | O2: Catatan/Keterangan/Penjelasan
A3: 2
A4: 3 | B4: A. | C4: PENGUNGKIT | H4: 60 | L4: =L198 -> 55.57619 | M4: =L4/H4 -> 0.92626984
A5: 4 | C5: I. | D5: PEMENUHAN | H5: 30 | L5: =SUM(L6,L23,L36,L61,L75,L100) -> 30 | M5: =L5/H5 -> 1
A6: 5 | D6: 1. | E6: MANAJEMEN PERUBAHAN | H6: 4 | L6: =SUM(L7,L10,L14,L18) -> 4 | M6: =L6/H6 -> 1
A7: 6 | E7: i. | F7: Penyusunan Tim Kerja | H7: 0.5 | L7: =AVERAGE(L8:L9)*H7 -> 0.5 | M7: =L7/H7 -> 1
A8: 7 | F8: a. | G8: Unit kerja telah membentuk tim untuk melakukan pembangunan Zona Integritas | I8: Ya, jika Tim telah dibentuk di dalam unit kerja. | J8: Ya | K8: Ya | L8: =IF(J8="Ya/Tidak",IF(K8="Ya",1,IF(K8="Tidak",0,"Blm Diisi")),IF(J8="A/B/C",IF(K8="A",1,IF(K8="B",0.5,IF(K8="C",0,"Blm Diisi"))),IF(J8="A/B/C/D",IF(K8="A",1,IF(K8="B",0.67,IF(K8="C",0.33,IF(K8="D",0,"Blm Diisi")))),IF(J8="A/B/C/D/E",IF(K8="A",1,IF(K8="B",0.75,IF(K8="C",0.5,IF(K8="D",0.25,IF(K8="E",0,"Blm Diisi"))))),IF(J8="%",IF(K8="","Blm Diisi",K8),IF(J8="Jumlah",IF(K8="","Blm Diisi",""),IF(J8="Rupiah",IF(K8="","Blm Diisi",""),IF(J8="","","-")))))))) -> - | O8: Terdapat Pembentukan Penunjukan Unit Kerja yang akan mengimplementasikan ZI melalui SK Kepala DInas Terdapat Pembentukan Tim Kerja yang akan mengimplementasikan ZI melalui SK Kepala Puskesmas | P8: SK Kepala OPD Ttg Tim Kerja Pembangunan (1 Tahun) Tim Satgas (melibatkan semua): Penanggung Jawab Ketua Anggota | Q8: https://drive.google.com/file/d/1Zu-e_vh46AKarvxKlJ3RqrRToPQ-O5wn/view?usp=sharing
A9: 8 | F9: b. | G9: Penentuan anggota Tim dipilih melalui prosedur/mekanisme yang jelas | I9: a. Jika dengan prosedur/mekanisme yang jelas dan mewakili seluruh unsur dalam unit kerja b. Jika sebagian menggunakan prosedur yang mewakili sebagian besar unsur dalam unit kerja c. Jika tidak di seleksi. | J9: A/B/C | K9: A | L9: =IF(J9="Ya/Tidak",IF(K9="Ya",1,IF(K9="Tidak",0,"Blm Diisi")),IF(J9="A/B/C",IF(K9="A",1,IF(K9="B",0.5,IF(K9="C",0,"Blm Diisi"))),IF(J9="A/B/C/D",IF(K9="A",1,IF(K9="B",0.67,IF(K9="C",0.33,IF(K9="D",0,"Blm Diisi")))),IF(J9="A/B/C/D/E",IF(K9="A",1,IF(K9="B",0.75,IF(K9="C",0.5,IF(K9="D",0.25,IF(K9="E",0,"Blm Diisi"))))),IF(J9="%",IF(K9="","Blm Diisi",K9),IF(J9="Jumlah",IF(K9="","Blm Diisi",""),IF(J9="Rupiah",IF(K9="","Blm Diisi",""),IF(J9="","","-")))))))) -> 1 | O9: Pembentukan Tim Kerja di pilih melaui mekanisme dan prosedur yang jelas melalui penetapan SK pembentukan Tim Kerja ZI | P9: SK Kepala OPD Ttg SOP Prosedur/Mekanisme Penentuan Tim. Memuat kriteria tim: 1) Berstatus sebagai PNS OPD Kota Tangerang Selatan. 2) Bersedia melakukan perubahan. 3) Bersedia bekerja dalam tim. 4) Bertanggung jawab atas tugas yang diberikan. 5) Memiliki kompetensi dan pengalaman pada jabatan yang diusulkan. Bukti Penentuan Tim: 1. Mekanisme Rapat (apabila). a. Undangan Rapat b. Notulensi: Memuat hasil mufakat ketua tim dan penanggungjawab yang diusulakn peserta rapat sesuai kriteria). Memuat usulan penanggung jawab pokja terkait anggota tim dengan kriteria yang sama dan ditetapan mufakat oleh seluruh peserta rapat. c. Absensi Rapat d. Dokumentasi Rapat 2. Seleksi (apabila). a. SK Tim Panitia Seleksi. b. Kertas Kerja Pemilihan Tim Kerja c. Dokumentasi seleksi. d. Laporan Pelaksanaan Seleksi Riwayat Hidup dan Rekam Jejak Tim Kerja | Q9: https://drive.google.com/file/d/1rfKgFcJHrRQXH--LbX9d76e1n64DqpMv/view?usp=sharing
A10: 9 | E10: ii. | F10: Rencana Pembangunan Zona Integritas | H10: 1 | L10: =AVERAGE(L11:L13)*H10 -> 1 | M10: =L10/H10 -> 1
A11: 10 | F11: a. | G11: Terdapat dokumen rencana kerja pembangunan Zona Integritas menuju WBK/WBBM | I11: Ya, jika memiliki rencana kerja pembangunan Zona Integritas. | J11: Ya/Tidak | K11: Ya | L11: =IF(J11="Ya/Tidak",IF(K11="Ya",1,IF(K11="Tidak",0,"Blm Diisi")),IF(J11="A/B/C",IF(K11="A",1,IF(K11="B",0.5,IF(K11="C",0,"Blm Diisi"))),IF(J11="A/B/C/D",IF(K11="A",1,IF(K11="B",0.67,IF(K11="C",0.33,IF(K11="D",0,"Blm Diisi")))),IF(J11="A/B/C/D/E",IF(K11="A",1,IF(K11="B",0.75,IF(K11="C",0.5,IF(K11="D",0.25,IF(K11="E",0,"Blm Diisi"))))),IF(J11="%",IF(K11="","Blm Diisi",K11),IF(J11="Jumlah",IF(K11="","Blm Diisi",""),IF(J11="Rupiah",IF(K11="","Blm Diisi",""),IF(J11="","","-")))))))) -> 1 | O11: Unit Kerja Telah Memilki Rencana Kerja Pembangunan ZI | P11: 1. Dokumen Renja Pembangunan ZI Tahunan. 2. Dokumen Kegiatan Rapat Penyusunan Rencana Aksi a. Undangan b. Dafar Hadir c. Notulensi dan Dokumentasi d. Laporan Kegiatan e. Dokumen Renaksi 3. Dokumen Kegiatan Rapat Penetapan Rencana Kerja a. Undangan b. Daftar Hadir c. Notulensi dan Dokumentasi d. Laporan Kegiatan e. Dokumen Rencana Kerja Pembangunan ZI menujuk WBK/WBBM yang ditandatangani Kepala PD melalui SK. | Q11: https://drive.google.com/file/d/1XFEXf_miQybAk81F5Q4s1VZFZI8XLXZP/view?usp=sharing
A12: 11 | F12: b. | G12: Dalam dokumen pembangunan terdapat target-target prioritas yang relevan dengan tujuan pembangunan WBK/WBBM | I12: a. Jika semua target-target prioritas relevan dengan tujuanpembangunan WBK/WBBM b. Jika sebagian target-target prioritas relevan dengan tujuan pembangunan WBK/WBBM c. Jika tidak ada target-target prioritas yang relevan dengan tujuan pembangunan WBK/WBBM | J12: A/B/C | K12: A | L12: =IF(J12="Ya/Tidak",IF(K12="Ya",1,IF(K12="Tidak",0,"Blm Diisi")),IF(J12="A/B/C",IF(K12="A",1,IF(K12="B",0.5,IF(K12="C",0,"Blm Diisi"))),IF(J12="A/B/C/D",IF(K12="A",1,IF(K12="B",0.67,IF(K12="C",0.33,IF(K12="D",0,"Blm Diisi")))),IF(J12="A/B/C/D/E",IF(K12="A",1,IF(K12="B",0.75,IF(K12="C",0.5,IF(K12="D",0.25,IF(K12="E",0,"Blm Diisi"))))),IF(J12="%",IF(K12="","Blm Diisi",K12),IF(J12="Jumlah",IF(K12="","Blm Diisi",""),IF(J12="Rupiah",IF(K12="","Blm Diisi",""),IF(J12="","","-")))))))) -> 1 | O12: Terdapat Target Prioritas didalam Penyusunan Rencana Kerja Pembangunan ZI | P12: 2. Dokumen Kegiatan Rapat Penyusunan Target Prioritas Pembangunan ZI (6 area) a. Undangan b. Daftar Hadir c. Notulensi dan Dokumentasi d. Laporan Kegiatan e. Dokumen Renaksi yang memuat Target Prioritas | Q12: https://drive.google.com/file/d/1u0W3JQMH1rbDidqXTcnUh6PmUt6O8I67/view?usp=sharing
A13: 12 | F13: c. | G13: Terdapat mekanisme atau media untuk mensosialisasikan pembangunan WBK/WBBM | I13: a. Jika telah dilakukan pengelolaan media/aktivitas interaktif yang efektif untuk menginformasikan pembangunan ZI kepada internal dan stakeholder secara berkala b. Jika pengelolaan media/aktivitas interaktif dilakukan secara terbatas dan tidak secara berkala c. Jika pengelolaan media/aktivitas interaktif belum dilakukan | J13: A/B/C | K13: A | L13: =IF(J13="Ya/Tidak",IF(K13="Ya",1,IF(K13="Tidak",0,"Blm Diisi")),IF(J13="A/B/C",IF(K13="A",1,IF(K13="B",0.5,IF(K13="C",0,"Blm Diisi"))),IF(J13="A/B/C/D",IF(K13="A",1,IF(K13="B",0.67,IF(K13="C",0.33,IF(K13="D",0,"Blm Diisi")))),IF(J13="A/B/C/D/E",IF(K13="A",1,IF(K13="B",0.75,IF(K13="C",0.5,IF(K13="D",0.25,IF(K13="E",0,"Blm Diisi"))))),IF(J13="%",IF(K13="","Blm Diisi",K13),IF(J13="Jumlah",IF(K13="","Blm Diisi",""),IF(J13="Rupiah",IF(K13="","Blm Diisi",""),IF(J13="","","-")))))))) -> 1 | O13: Terdapat Media Informasi Pembangunan ZI yang Interaktif sebagai Media Informasi Kepada Pihak Lain | P13: 1. SOP Mekanisme Sosialisasi Pembangunan ZI 2. Bukti Sosialisasi Pembangunan ZI a. Bentuk Kegiatan Sosialisasi 1) Sosialisasi Internal Berkala - Undangan - Daftar Hadir - Notulensi dan dokumentasi - Laporan Kegiatan - Bulanan / Triwulanan / Semesteran 2) Sosialisasi Stakeholder Berkala - Undangan - Daftar Hadir - Notulensi dan dokumentasi - Laporan Kegiatan - Bulanan / Triwulanan / Semesteran 3) Banner, Spanduk, dll sejenis Sosiliasi melalui virtual : Undangan, absensi onlline (google form), link room zoom, screen shoot zoom peserta. b. Media Sosial Screen shoot | Q13: https://drive.google.com/file/d/1rarGzXFQdppWzuOedfSRRQtixI5gmCP5/view?usp=sharing
A14: 13 | E14: iii. | F14: Pemantauan dan Evaluasi Pembangunan WBK/WBBM | H14: 1 | L14: =AVERAGE(L15:L17)*H14 -> 1 | M14: =L14/H14 -> 1
A15: 14 | F15: a. | G15: Seluruh kegiatan pembangunan sudah dilaksanakan sesuai dengan rencana | I15: a. Jika semua kegiatan pembangunan telah dilaksanakan sesuai dengan rencana b. Jika sebagian besar kegiatan pembangunan telah dilaksanakan sesuai dengan rencana c. Jika sebagian kecil kegiatan pembangunan telah dilaksanakan sesuai dengan rencana d. Jika belum ada kegiatan pembangunan yang dilakukan sesuai dengan rencana | J15: A/B/C/D | K15: A | L15: =IF(J15="Ya/Tidak",IF(K15="Ya",1,IF(K15="Tidak",0,"Blm Diisi")),IF(J15="A/B/C",IF(K15="A",1,IF(K15="B",0.5,IF(K15="C",0,"Blm Diisi"))),IF(J15="A/B/C/D",IF(K15="A",1,IF(K15="B",0.67,IF(K15="C",0.33,IF(K15="D",0,"Blm Diisi")))),IF(J15="A/B/C/D/E",IF(K15="A",1,IF(K15="B",0.75,IF(K15="C",0.5,IF(K15="D",0.25,IF(K15="E",0,"Blm Diisi"))))),IF(J15="%",IF(K15="","Blm Diisi",K15),IF(J15="Jumlah",IF(K15="","Blm Diisi",""),IF(J15="Rupiah",IF(K15="","Blm Diisi",""),IF(J15="","","-")))))))) -> 1 | O15: Pembangunan ZI telah dilakukan sesuai dengan rencana seperti terdapat dalam form Rencana Aksi | P15: Laporan Monev Berkala Pelaksanaan Pembangunan ZI oleh Tim Internal (Bulanan/Triwulanan/Semesteran) Jika realisasi 100% : a Jika realisasi >75% s.d. <100% : b Jika realisasi <=75% : c | Q15: https://drive.google.com/file/d/1ChQj4wEmXBx0MOc-64CGaWnGMKlS8fUi/view?usp=sharing
A16: 15 | F16: b. | G16: Terdapat monitoring dan evaluasi terhadap pembangunan Zona Integritas | I16: a. Jika monitoring dan evaluasi melibatkan pimpinan dan dilakukan secara berkala b. Jika monitoring dan evaluasi melibatkan pimpinan tetapi tidak secara berkala c. Jika monitoring dan evaluasi tidak melibatkan pimpinan dan tidak secara berkala d. Jika tidak terdapat monitoring dan evaluasi terhadap pembangunan zona integritas | J16: A/B/C/D | K16: A | L16: =IF(J16="Ya/Tidak",IF(K16="Ya",1,IF(K16="Tidak",0,"Blm Diisi")),IF(J16="A/B/C",IF(K16="A",1,IF(K16="B",0.5,IF(K16="C",0,"Blm Diisi"))),IF(J16="A/B/C/D",IF(K16="A",1,IF(K16="B",0.67,IF(K16="C",0.33,IF(K16="D",0,"Blm Diisi")))),IF(J16="A/B/C/D/E",IF(K16="A",1,IF(K16="B",0.75,IF(K16="C",0.5,IF(K16="D",0.25,IF(K16="E",0,"Blm Diisi"))))),IF(J16="%",IF(K16="","Blm Diisi",K16),IF(J16="Jumlah",IF(K16="","Blm Diisi",""),IF(J16="Rupiah",IF(K16="","Blm Diisi",""),IF(J16="","","-")))))))) -> 1 | O16: Evaluasi dan Monitoring ZI dilakukan secara berkala dan melibatkan Pimpinan | P16: Dokumen Kegiatan Monev Pembangunan ZI: a. Undangan b. Daftar Hadir (Melibatkan Pimpinan) c. Notulensi dan Dokumentasi (Melibatkan Pimpinan) d. Laporan Monev Berkala (Bulanan/Triwulanan/Semesteran) | Q16: https://drive.google.com/file/d/1lyTuht7JfN448Dm-tTLuxruZ3TgDPTW_/view?usp=sharing
A17: 16 | F17: c. | G17: Hasil Monitoring dan Evaluasi telah ditindaklanjuti | I17: a. Jika semua catatan/rekomendasi hasil monitoring dan evaluasi tim internal atas persiapan dan pelaksanaan kegiatan Unit WBK/WBBM telah ditindaklanjuti b. Jika sebagian besar catatan/rekomendasi hasil monitoring danevaluasi tim internal atas persiapan dan pelaksanaan kegiatanUnit WBK/WBBM telah ditindaklanjuti c. Jika sebagian kecil catatan/rekomendasi hasil monitoring dan evaluasi tim internal atas persiapan dan pelaksanaan kegiatan Unit WBK/WBBM telah ditindaklanjuti d. Jika catatan/rekomendasi hasil monitoring dan evaluasi tim internal atas persiapan dan pelaksanaan kegiatan Unit WBK/WBBM belum ditindaklanjuti | J17: A/B/C/D | K17: A | L17: =IF(J17="Ya/Tidak",IF(K17="Ya",1,IF(K17="Tidak",0,"Blm Diisi")),IF(J17="A/B/C",IF(K17="A",1,IF(K17="B",0.5,IF(K17="C",0,"Blm Diisi"))),IF(J17="A/B/C/D",IF(K17="A",1,IF(K17="B",0.67,IF(K17="C",0.33,IF(K17="D",0,"Blm Diisi")))),IF(J17="A/B/C/D/E",IF(K17="A",1,IF(K17="B",0.75,IF(K17="C",0.5,IF(K17="D",0.25,IF(K17="E",0,"Blm Diisi"))))),IF(J17="%",IF(K17="","Blm Diisi",K17),IF(J17="Jumlah",IF(K17="","Blm Diisi",""),IF(J17="Rupiah",IF(K17="","Blm Diisi",""),IF(J17="","","-")))))))) -> 1 | O17: Dilakukan Tindak Lanjut terhadap Hasil Monitoring dan Evaluasi | P17: Dokumen Kegiatan Tindak Lanjut atas Persiapan & Hasil Monev Pembangunan ZI oleh Tim Internal: a. Undangan b. Daftar Hadir c. Notulensi dan Dokumentasi d. Laporan Monev Berkala (Bulanan/Triwulanan/Semesteran) Rapat Pembahasan Tindak Lanjut dilaksanakan bersamaan dengan rapat pembahasan Monev dan rapat Persiapan. Jika Tindak Lanjut 100% : a Jika realisasi >75% s.d. <100% : b Jika realisasi >50% <=75% : c Jika tindak lanjut NIHIL : d | Q17: https://drive.google.com/file/d/1_XgHk3SYmn589KU05ziQao-A8AS0Mbh4/view?usp=sharing
A18: 17 | E18: iv. | F18: Perubahan pola pikir dan budaya kerja | H18: 1.5 | L18: =AVERAGE(L19:L22)*H18 -> 1.5 | M18: =L18/H18 -> 1
A19: 18 | F19: a. | G19: Pimpinan berperan sebagai role model dalam pelaksanaan Pembangunan WBK/WBBM | I19: ya, jika pimpinan menjadi contoh pelaksanaan nilai-nilai organisasi. | J19: Ya/Tidak | K19: Ya | L19: =IF(J19="Ya/Tidak",IF(K19="Ya",1,IF(K19="Tidak",0,"Blm Diisi")),IF(J19="A/B/C",IF(K19="A",1,IF(K19="B",0.5,IF(K19="C",0,"Blm Diisi"))),IF(J19="A/B/C/D",IF(K19="A",1,IF(K19="B",0.67,IF(K19="C",0.33,IF(K19="D",0,"Blm Diisi")))),IF(J19="A/B/C/D/E",IF(K19="A",1,IF(K19="B",0.75,IF(K19="C",0.5,IF(K19="D",0.25,IF(K19="E",0,"Blm Diisi"))))),IF(J19="%",IF(K19="","Blm Diisi",K19),IF(J19="Jumlah",IF(K19="","Blm Diisi",""),IF(J19="Rupiah",IF(K19="","Blm Diisi",""),IF(J19="","","-")))))))) -> 1 | O19: Pimpinan Menjadi contoh (Role Model) dalam setiap kegiatan Puskesmas | P19: xxx xxxx xxxx xxxx | Q19: https://drive.google.com/file/d/1kxGDMd8zJAng01yg3oZEYTNnNILcQlKJ/view?usp=sharing
A20: 19 | F20: b. | G20: Sudah ditetapkan agen perubahan | I20: a. Jika agen perubahan telah ditetapkan dan berkontribusi terhadap perubahan pada unit kerjanya b. Jika agen perubahan telah ditetapkan namun belum berkontribusi terhadap perubahan pada unit kerjanya c. Jika belum terdapat agen perubahan | J20: A/B/C | K20: A | L20: =IF(J20="Ya/Tidak",IF(K20="Ya",1,IF(K20="Tidak",0,"Blm Diisi")),IF(J20="A/B/C",IF(K20="A",1,IF(K20="B",0.5,IF(K20="C",0,"Blm Diisi"))),IF(J20="A/B/C/D",IF(K20="A",1,IF(K20="B",0.67,IF(K20="C",0.33,IF(K20="D",0,"Blm Diisi")))),IF(J20="A/B/C/D/E",IF(K20="A",1,IF(K20="B",0.75,IF(K20="C",0.5,IF(K20="D",0.25,IF(K20="E",0,"Blm Diisi"))))),IF(J20="%",IF(K20="","Blm Diisi",K20),IF(J20="Jumlah",IF(K20="","Blm Diisi",""),IF(J20="Rupiah",IF(K20="","Blm Diisi",""),IF(J20="","","-")))))))) -> 1 | O20: Telah ditetapkan Agen Perubahan didalam Puskesmas | P20: 1. SK Kepala OPD Ttg Agen Perubahan 2. SOP Mekanisme Pemilihan Agen Perubahan 3. Dokumen Pelaksanaan Kegiatan Penetapan Agen Perubahan: a. Undangan b. Daftar Hadir. c. Notulensi dan dokumentasi. d. Laporan Pelaknsanaan Pemilihan Agen Perubahan e. Riwayat Hidup & Rekam Jejak Agen Perubahan f. Prestasi / Kontribusi Agen Perubahan dalam Pembangunan ZI (dokumen bukti) | Q20: https://drive.google.com/file/d/1YznB2F4uIeyonidOjfGC4UOXrMAN8EKI/view?usp=sharing
A21: 20 | F21: c. | G21: Telah dibangun budaya kerja dan pola pikir di lingkungan organisasi | I21: a. Jika telah dilakukan upaya pembangunan budaya kerja dan pola pikir dan mampu mengurangi resistensi atas perubahan b. Jika telah dilakukan upaya pembangunan budaya kerja dan pola pikir tapi masih terdapat resistensi atas perubahan c. Jika belum terdapat upaya pembangunan budaya kerja dan pola pikir | J21: A/B/C | K21: A | L21: =IF(J21="Ya/Tidak",IF(K21="Ya",1,IF(K21="Tidak",0,"Blm Diisi")),IF(J21="A/B/C",IF(K21="A",1,IF(K21="B",0.5,IF(K21="C",0,"Blm Diisi"))),IF(J21="A/B/C/D",IF(K21="A",1,IF(K21="B",0.67,IF(K21="C",0.33,IF(K21="D",0,"Blm Diisi")))),IF(J21="A/B/C/D/E",IF(K21="A",1,IF(K21="B",0.75,IF(K21="C",0.5,IF(K21="D",0.25,IF(K21="E",0,"Blm Diisi"))))),IF(J21="%",IF(K21="","Blm Diisi",K21),IF(J21="Jumlah",IF(K21="","Blm Diisi",""),IF(J21="Rupiah",IF(K21="","Blm Diisi",""),IF(J21="","","-")))))))) -> 1 | O21: Budaya Kerja dan Pola Pikir Anti Gratifikasi telah diterapkan didalam Puskesmas | P21: 1. Dokumen Pelaksanaan Pembangunan Budaya Kerja & Pola Pikir: a. Dalam bentuk pelatihan, bimbingan teknis, worksop, Pelatihan Kantor Sendiri, Sosialisasi, dll sejenis. - Undangan - Daftar Hadir - Notulensi dan dokumentasi - Laporan Pelaksanaan b. Surat Edaran Ka PD & Media Imbauan 2. Mekanisme Reward & Punishment - SOP - Bukti Penghargaan - Bukti Pemberian Sanksi. 3. Laporan Pemetaatb Tingkat Keterlibatan dan Resistensi Pembangunan ZI. | Q21: https://drive.google.com/file/d/1jYeDPTVe1pAal1uGdxC_HArLnNHVBqkl/view?usp=sharing
A22: 21 | F22: d. | G22: Anggota organisasi terlibat dalam pembangunan Zona Integritas menuju WBK/WBBM | I22: a. Jika semua anggota terlibat dalam pembangunan Zona Integritas menuju WBK/WBBM dan usulan-usulan dari anggota diakomodasikan dalam keputusan b. Jika sebagian besar anggota terlibat dalam pembangunan Zona Integritas menuju WBK/WBBM c. Jika sebagian kecil anggota terlibat dalam pembangunan Zona Integritas menuju WBK/WBBM d. Jika belum ada anggota terlibat dalam pembangunan Zona Integritas menuju WBK/WBBM | J22: A/B/C/D | K22: A | L22: =IF(J22="Ya/Tidak",IF(K22="Ya",1,IF(K22="Tidak",0,"Blm Diisi")),IF(J22="A/B/C",IF(K22="A",1,IF(K22="B",0.5,IF(K22="C",0,"Blm Diisi"))),IF(J22="A/B/C/D",IF(K22="A",1,IF(K22="B",0.67,IF(K22="C",0.33,IF(K22="D",0,"Blm Diisi")))),IF(J22="A/B/C/D/E",IF(K22="A",1,IF(K22="B",0.75,IF(K22="C",0.5,IF(K22="D",0.25,IF(K22="E",0,"Blm Diisi"))))),IF(J22="%",IF(K22="","Blm Diisi",K22),IF(J22="Jumlah",IF(K22="","Blm Diisi",""),IF(J22="Rupiah",IF(K22="","Blm Diisi",""),IF(J22="","","-")))))))) -> 1 | O22: Keterlibatan Seluruh Angota Didalam Pembangunan ZI | P22: 1. Penandatangan Komitmen Pembangunan ZI oleh seluruh pegawai. 2. Penandatanganan Pakta Integritas. 3. Laporan keterlibatan pegawai dalam Pembangunan ZI (salah satunya memuat usulan-usulan tim ZI yang diakomodir dalam Renja ZI. Jika Terlibat 100% : a Jika Terlibat >75% s.d. <100% : b Jika Terlibat >50% <=75% : c Jika Terlibat NIHIL : d | Q22: https://drive.google.com/file/d/1iAh9zIXBI_Xx1OGrj3uxZsGYmEpD2Fbk/view?usp=sharing
A23: 22 | D23: 2. | E23: PENATAAN TATALAKSANA | H23: 3.5 | L23: =SUM(L24,L28,L33) -> 3.5 | M23: =L23/H23 -> 1
A24: 23 | E24: i. | F24: Prosedur Operasional Tetap (SOP) Kegiatan Utama | H24: 1 | L24: =AVERAGE(L25:L27)*H24 -> 1 | M24: =L24/H24 -> 1
A25: 24 | F25: a. | G25: SOP mengacu pada peta proses bisnis instansi | I25: a. Jika semua SOP unit telah mengacu peta proses bisnis dan juga melakukan inovasi yang selaras b. Jika semua SOP unit telah mengacu peta proses bisnis c. Jika sebagian SOP unit telah mengacu peta proses bisnis d. Jika belum terdapat SOP unit yang mengacu peta proses bisnis | J25: A/B/C/D | K25: A | L25: =IF(J25="Ya/Tidak",IF(K25="Ya",1,IF(K25="Tidak",0,"Blm Diisi")),IF(J25="A/B/C",IF(K25="A",1,IF(K25="B",0.5,IF(K25="C",0,"Blm Diisi"))),IF(J25="A/B/C/D",IF(K25="A",1,IF(K25="B",0.67,IF(K25="C",0.33,IF(K25="D",0,"Blm Diisi")))),IF(J25="A/B/C/D/E",IF(K25="A",1,IF(K25="B",0.75,IF(K25="C",0.5,IF(K25="D",0.25,IF(K25="E",0,"Blm Diisi"))))),IF(J25="%",IF(K25="","Blm Diisi",K25),IF(J25="Jumlah",IF(K25="","Blm Diisi",""),IF(J25="Rupiah",IF(K25="","Blm Diisi",""),IF(J25="","","-")))))))) -> 1 | O25: Penetapan Agen Perubahan ditetapkan berdasarkan penempatan tiap-tiap profesi Seluruh SOP telah mengacu kepada Peta Proses Bisnis (PROBIS) | P25: 1. Proses Bisnis PD 2. Rekapitulasi SOP AP 3. Laporan Inovasi Layanan (SOP) | Q25: https://drive.google.com/file/d/1limA4IEf3WiiwGO8RW03iC-kmDExpEwK/view?usp=sharing
A26: 25 | F26: b. | G26: Prosedur operasional tetap (SOP) telah diterapkan | I26: a. Jika unit telah menerapkan seluruh SOP yang ditetapkan organisasi dan juga melakukan inovasi pada SOP yang diterapkan b. Jika unit telah menerapkan seluruh SOP yang ditetapkan organisasi c. Jika unit telah menerapkan sebagian besar SOP yang ditetapkan organisasi d. Jika unit telah menerapkan sebagian kecil SOP yang ditetapkan organisasi e. Jika unit belum menerapkan SOP yang telah ditetapkan organisasi | J26: A/B/C/D/E | K26: A | L26: =IF(J26="Ya/Tidak",IF(K26="Ya",1,IF(K26="Tidak",0,"Blm Diisi")),IF(J26="A/B/C",IF(K26="A",1,IF(K26="B",0.5,IF(K26="C",0,"Blm Diisi"))),IF(J26="A/B/C/D",IF(K26="A",1,IF(K26="B",0.67,IF(K26="C",0.33,IF(K26="D",0,"Blm Diisi")))),IF(J26="A/B/C/D/E",IF(K26="A",1,IF(K26="B",0.75,IF(K26="C",0.5,IF(K26="D",0.25,IF(K26="E",0,"Blm Diisi"))))),IF(J26="%",IF(K26="","Blm Diisi",K26),IF(J26="Jumlah",IF(K26="","Blm Diisi",""),IF(J26="Rupiah",IF(K26="","Blm Diisi",""),IF(J26="","","-")))))))) -> 1 | O26: SOP telah ditetapkan | P26: Laporan Monitoring Penerapan SOP & Inovasi Layanan | Q26: https://drive.google.com/file/d/1KFIWvj_Q98G_OCTQTQS8-e3R_U4HAJtH/view?usp=sharing
A27: 26 | F27: c. | G27: Prosedur operasional tetap (SOP) telah dievaluasi | I27: a. Jika seluruh SOP utama telah dievaluasi dan telah ditindaklanjuti berupa perbaikan SOP atau usulan perbaikan SOP b. Jika sebagian besar SOP utama telah dievaluasi dan telah ditindaklanjuti berupa perbaikan SOP atau usulan perbaikan SOP c. Jika sebagian besar SOP utama telah dievaluasi tetapi belum ditindaklanjuti d. Jika sebagian kecil SOP utama telah dievaluasi e. Jika SOP belum pernah dievaluasi | J27: A/B/C/D/E | K27: A | L27: =IF(J27="Ya/Tidak",IF(K27="Ya",1,IF(K27="Tidak",0,"Blm Diisi")),IF(J27="A/B/C",IF(K27="A",1,IF(K27="B",0.5,IF(K27="C",0,"Blm Diisi"))),IF(J27="A/B/C/D",IF(K27="A",1,IF(K27="B",0.67,IF(K27="C",0.33,IF(K27="D",0,"Blm Diisi")))),IF(J27="A/B/C/D/E",IF(K27="A",1,IF(K27="B",0.75,IF(K27="C",0.5,IF(K27="D",0.25,IF(K27="E",0,"Blm Diisi"))))),IF(J27="%",IF(K27="","Blm Diisi",K27),IF(J27="Jumlah",IF(K27="","Blm Diisi",""),IF(J27="Rupiah",IF(K27="","Blm Diisi",""),IF(J27="","","-")))))))) -> 1 | O27: SOP Utama telah dievaluasi dan telah ditindaklanjutu secara berkala termasuk pada saat proses Audit Internal | P27: Laporan Evaluasi Penerapan SOP & Inovasi Layanan Laporan Tindak Lanjut Perbaikan SOP atau Usulan Perbaikan SOP | Q27: https://drive.google.com/file/d/1o1sioaKwA_WddWma1Lyl9DVnHX9kCcWF/view?usp=sharing
A28: 27 | E28: ii. | F28: Sistem Pemerintahan Berbasis Elektronik (SPBE) | H28: 2 | L28: =AVERAGE(L29:L32)*H28 -> 2 | M28: =L28/H28 -> 1
A29: 28 | F29: a. | G29: Sistem pengukuran kinerja unit sudah menggunakan teknologi informasi | I29: a. Jika unit memiliki sistem pengukuran kinerja (e-performance/e-sakip) yang menggunakan teknologi informasi dan juga melakukan inovasi b. Jika unit memiliki sistem pengukuran kinerja (e-performance/e-sakip) yang menggunakan teknologi informasi c. Jika belum memiliki sistem pengukuran kinerja (e-performance/e-sakip) yang menggunakan teknologi informasi | J29: A/B/C | K29: A | L29: =IF(J29="Ya/Tidak",IF(K29="Ya",1,IF(K29="Tidak",0,"Blm Diisi")),IF(J29="A/B/C",IF(K29="A",1,IF(K29="B",0.5,IF(K29="C",0,"Blm Diisi"))),IF(J29="A/B/C/D",IF(K29="A",1,IF(K29="B",0.67,IF(K29="C",0.33,IF(K29="D",0,"Blm Diisi")))),IF(J29="A/B/C/D/E",IF(K29="A",1,IF(K29="B",0.75,IF(K29="C",0.5,IF(K29="D",0.25,IF(K29="E",0,"Blm Diisi"))))),IF(J29="%",IF(K29="","Blm Diisi",K29),IF(J29="Jumlah",IF(K29="","Blm Diisi",""),IF(J29="Rupiah",IF(K29="","Blm Diisi",""),IF(J29="","","-")))))))) -> 1 | O29: Unit telah memiliki sistem pengukuran kinerja menggunakan teknologi informasi e-sakip | P29: 1. Capture e-performance / e- sakip. 2. Inovasi Internal PD terkait Pengukuran Kinerja | Q29: https://drive.google.com/file/d/1UmJ3f5Y6G02YEe300UWoR9z3UkNckT3B/view?usp=sharing
A30: 29 | F30: b. | G30: Operasionalisasi manajemen SDM sudah menggunakan teknologi informasi | I30: a. Jika unit memiliki operasionalisasi manajemen SDM yang menggunakan teknologi informasi dan juga melakukan inovasi b. Jika unit memiliki operasionalisasi manajemen SDM yang menggunakan teknologi informasi secara terpusat c. Jika belum menggunakan teknologi informasi dalam operasionalisasi manajemen SDM | J30: A/B/C | K30: A | L30: =IF(J30="Ya/Tidak",IF(K30="Ya",1,IF(K30="Tidak",0,"Blm Diisi")),IF(J30="A/B/C",IF(K30="A",1,IF(K30="B",0.5,IF(K30="C",0,"Blm Diisi"))),IF(J30="A/B/C/D",IF(K30="A",1,IF(K30="B",0.67,IF(K30="C",0.33,IF(K30="D",0,"Blm Diisi")))),IF(J30="A/B/C/D/E",IF(K30="A",1,IF(K30="B",0.75,IF(K30="C",0.5,IF(K30="D",0.25,IF(K30="E",0,"Blm Diisi"))))),IF(J30="%",IF(K30="","Blm Diisi",K30),IF(J30="Jumlah",IF(K30="","Blm Diisi",""),IF(J30="Rupiah",IF(K30="","Blm Diisi",""),IF(J30="","","-")))))))) -> 1 | O30: Unit kerja memiliki operasionalisasi manajemen SDM menggunkan teknologi informasi berbasis Aplikasi SIMPEG | P30: 1. Capture IT terkait manajemen SDM. 2. Inovasi Internal PD terkait manajemen SDM | Q30: https://drive.google.com/file/d/1FOzzNYiuTELqa1JvnvqBt3rmWVyUc-lY/view?usp=sharing
A31: 30 | F31: c. | G31: Pemberian pelayanan kepada publik sudah menggunakan teknologi informasi | I31: a. Jika unit memberikan pelayanan kepada publik dengan menggunakan teknologi informasi terpusat/unit sendiri dan terdapat inovasi b. Jika unit memberikan pelayanan kepada publik dengan menggunakan teknologi informasi secara terpusat c. Jika belum memberikan pelayanan kepada publik dengan menggunakan teknologi informasi | J31: A/B/C | K31: A | L31: =IF(J31="Ya/Tidak",IF(K31="Ya",1,IF(K31="Tidak",0,"Blm Diisi")),IF(J31="A/B/C",IF(K31="A",1,IF(K31="B",0.5,IF(K31="C",0,"Blm Diisi"))),IF(J31="A/B/C/D",IF(K31="A",1,IF(K31="B",0.67,IF(K31="C",0.33,IF(K31="D",0,"Blm Diisi")))),IF(J31="A/B/C/D/E",IF(K31="A",1,IF(K31="B",0.75,IF(K31="C",0.5,IF(K31="D",0.25,IF(K31="E",0,"Blm Diisi"))))),IF(J31="%",IF(K31="","Blm Diisi",K31),IF(J31="Jumlah",IF(K31="","Blm Diisi",""),IF(J31="Rupiah",IF(K31="","Blm Diisi",""),IF(J31="","","-")))))))) -> 1 | O31: Unit kerja telah memberikan pelayanan dengan menggunakan Teknologi Informasi | P31: Laporan / Penjelasan IT / Aplikasi / Web Site terkait Pelayanan Publik | Q31: https://drive.google.com/file/d/1Hzqruc6WfaZHwmpUXn6C5zXx4X8TFZ5E/view?usp=sharing
A32: 31 | F32: d | G32: Telah dilakukan monitoring dan dan evaluasi terhadap pemanfaatan teknologi informasi dalam pengukuran kinerja unit, operasionalisasi SDM, dan pemberian layanan kepada publik | I32: a. Jika laporan monitoring dan evaluasi terhadap pemanfaatan teknologi informasi dalam pengukuran kinerja unit, operasionalisasi SDM, dan pemberian layanan kepada publik sudah dilakukan secara berkala b. Jika laporan monitoring dan evaluasi terhadap pemanfaatan teknologi informasi dalam pengukuran kinerja unit, operasionalisasi SDM, dan pemberian layanan kepada publik sudah dilakukan tetapi tidak secara berkala c. Jika tidak terdapat monitoring dan evaluasi terhadap pemanfaatan teknologi informasi dalam pengukuran kinerja unit, operasionalisasi SDM, dan pemberian layanan kepada publik | J32: A/B/C | K32: A | L32: =IF(J32="Ya/Tidak",IF(K32="Ya",1,IF(K32="Tidak",0,"Blm Diisi")),IF(J32="A/B/C",IF(K32="A",1,IF(K32="B",0.5,IF(K32="C",0,"Blm Diisi"))),IF(J32="A/B/C/D",IF(K32="A",1,IF(K32="B",0.67,IF(K32="C",0.33,IF(K32="D",0,"Blm Diisi")))),IF(J32="A/B/C/D/E",IF(K32="A",1,IF(K32="B",0.75,IF(K32="C",0.5,IF(K32="D",0.25,IF(K32="E",0,"Blm Diisi"))))),IF(J32="%",IF(K32="","Blm Diisi",K32),IF(J32="Jumlah",IF(K32="","Blm Diisi",""),IF(J32="Rupiah",IF(K32="","Blm Diisi",""),IF(J32="","","-")))))))) -> 1 | O32: Unit telah melaksanakan Monitoring dan Evaluasi terhadap pemanfaatan Teknologi Informasi yang diterapkan di Puskesmas | P32: Laporan Monitoring Pemanfaatan TI Dalam Pemberian Layanan Publik, meliputi: 1. Pengukuran Kinerja Unit 2. Operasionalisasi SDM 3. Pemberian Layanan Kepada Publik Apabila dalam bentuk rapat: 1. Surat Undangan Monev 2. Daftar Hadir 3. Dokumentasi 4. Notulensi yang memuat monev atas Pemanfaatan TI (Pengukuran Kinerja Unit, Operasionalisasi SDM, Pemberian Layanan Kepada Publik Monev dilakukan secara berkala semesteran / triwulanan / bulanan. | Q32: https://drive.google.com/file/d/1ZRBkGXB7iMvgm4F0mM2W7rsG_d2H1hqa/view?usp=sharing
A33: 32 | E33: iii. | F33: Keterbukaan Informasi Publik | H33: 0.5 | L33: =AVERAGE(L34:L35)*H33 -> 0.5 | M33: =L33/H33 -> 1
A34: 33 | F34: a. | G34: Kebijakan tentang keterbukaan informasi publik telah diterapkan | I34: a. Jika sudah terdapat Pejabat Pengelola Informasi Publik (PPID) yang menyebarkan seluruh informasi yang dapat diakses secara mutakhir dan lengkap b. Jika sudah terdapat PPID yang menyebarkan sebagian informasi yang dapat diakses secara mutakhir dan lengkap c. Jika belum ada PPID dan belum melakukan penyebaran informasi publik | J34: A/B/C | K34: A | L34: =IF(J34="Ya/Tidak",IF(K34="Ya",1,IF(K34="Tidak",0,"Blm Diisi")),IF(J34="A/B/C",IF(K34="A",1,IF(K34="B",0.5,IF(K34="C",0,"Blm Diisi"))),IF(J34="A/B/C/D",IF(K34="A",1,IF(K34="B",0.67,IF(K34="C",0.33,IF(K34="D",0,"Blm Diisi")))),IF(J34="A/B/C/D/E",IF(K34="A",1,IF(K34="B",0.75,IF(K34="C",0.5,IF(K34="D",0.25,IF(K34="E",0,"Blm Diisi"))))),IF(J34="%",IF(K34="","Blm Diisi",K34),IF(J34="Jumlah",IF(K34="","Blm Diisi",""),IF(J34="Rupiah",IF(K34="","Blm Diisi",""),IF(J34="","","-")))))))) -> 1 | O34: Terdapat Pejabat Informasi Publik (PPID) sebagai penyebar informasi yang dapat diakses publik | P34: 1. Perwal/SOP terkait Keterbukaan Informasi Publik 2. SK PPID Kota 3. SK Tim Pengelola Layanan Informasi & Dokumentasi 4. Screen shoot informasi yang disebarkan (web, medsos, dll) | Q34: https://drive.google.com/file/d/1VFyDF1vDqMfnQh2hgNnPDVA97nghuNAE/view?usp=sharing
A35: 34 | F35: b. | G35: Telah dilakukan monitoring dan evaluasi pelaksanaan kebijakan keterbukaan informasi publik | I35: a. Jika dilakukan monitoring dan evaluasi pelaksanaan kebijakan keterbukaan informasi publik dan telah ditindaklanjuti b. Jika monitoring dan evaluasi pelaksanaan kebijakan keterbukaan informasi publik telah dilakukan tetapi belum ditindaklanjuti c. Jika monitoring dan evaluasi pelaksanaan kebijakan keterbukaan informasi publik belum dilakukan | J35: A/B/C | K35: A | L35: =IF(J35="Ya/Tidak",IF(K35="Ya",1,IF(K35="Tidak",0,"Blm Diisi")),IF(J35="A/B/C",IF(K35="A",1,IF(K35="B",0.5,IF(K35="C",0,"Blm Diisi"))),IF(J35="A/B/C/D",IF(K35="A",1,IF(K35="B",0.67,IF(K35="C",0.33,IF(K35="D",0,"Blm Diisi")))),IF(J35="A/B/C/D/E",IF(K35="A",1,IF(K35="B",0.75,IF(K35="C",0.5,IF(K35="D",0.25,IF(K35="E",0,"Blm Diisi"))))),IF(J35="%",IF(K35="","Blm Diisi",K35),IF(J35="Jumlah",IF(K35="","Blm Diisi",""),IF(J35="Rupiah",IF(K35="","Blm Diisi",""),IF(J35="","","-")))))))) -> 1 | O35: Unit telah melakukan Monitoring dan Evaluasi terhadap pelaksanaan Kebijakan Keterbukaan Informasi Publik | P35: 1. Pelaksanaan Monev atas Kebijakan Keterbukaan Informasi Publik: a. Laporan Monev Bulanan/Triwulanan b. Surat Undangan Kegiatan Monev. c. Daftar Hadir. d. Dokumentasi. e. Notulensi 2. Tindak Lanjut atas Rekomendasi Monev | Q35: https://drive.google.com/file/d/1Mf8A0Je2TNlKqf4yWbHmvGIGo4joxGwG/view?usp=sharing
A36: 35 | D36: 3. | E36: PENATAAN SISTEM MANAJEMEN SDM APARATUR | H36: 5 | L36: =SUM(L37,L41,L45,L52,L57,L59) -> 5 | M36: =L36/H36 -> 1
A37: 36 | E37: i. | F37: Perencanaan Kebutuhan Pegawai sesuai dengan Kebutuhan Organisasi | H37: 0.25 | L37: =AVERAGE(L38:L40)*H37 -> 0.25 | M37: =L37/H37 -> 1
A38: 37 | F38: a. | G38: Kebutuhan pegawai yang disusun oleh unit kerja mengacu kepada peta jabatan dan hasil analisis beban kerja untuk masing-masing jabatan | I38: Ya, jika kebutuhan pegawai yang disusun oleh unit kerja mengacu kepada peta jabatan dan hasil analisis beban kerja untuk masing-masing jabatan. | J38: Ya/Tidak | K38: Ya | L38: =IF(J38="Ya/Tidak",IF(K38="Ya",1,IF(K38="Tidak",0,"Blm Diisi")),IF(J38="A/B/C",IF(K38="A",1,IF(K38="B",0.5,IF(K38="C",0,"Blm Diisi"))),IF(J38="A/B/C/D",IF(K38="A",1,IF(K38="B",0.67,IF(K38="C",0.33,IF(K38="D",0,"Blm Diisi")))),IF(J38="A/B/C/D/E",IF(K38="A",1,IF(K38="B",0.75,IF(K38="C",0.5,IF(K38="D",0.25,IF(K38="E",0,"Blm Diisi"))))),IF(J38="%",IF(K38="","Blm Diisi",K38),IF(J38="Jumlah",IF(K38="","Blm Diisi",""),IF(J38="Rupiah",IF(K38="","Blm Diisi",""),IF(J38="","","-")))))))) -> 1 | O38: Unit kerja telah menyusun kebutuhan pegawai yang mengacu kepada peta jabatan dan hasil analisis bebam kerja | P38: 1. Peta Jabatan 2. Analisa Beban Kerja 3. Bezetting 4. Proyeksi Kebutuhan Pegawai | Q38: https://drive.google.com/file/d/1_hJpMIwXoZwV8Y_7tGamuNnVdExy1UUa/view?usp=sharing
A39: 38 | F39: b. | G39: Penempatan pegawai hasil rekrutmen murni mengacu kepada kebutuhan pegawai yang telah disusun per jabatan | I39: a. Jika semua penempatan pegawai hasil rekrutmen murni mengacu kepada kebutuhan pegawai yang telah disusun per jabatan b. Jika sebagian besar penempatan pegawai hasil rekrutmen murni mengacu kepada kebutuhan pegawai yang telah disusun per jabatan c. Jika sebagian kecil penempatan pegawai hasil rekrutmen murni mengacu kepada kebutuhan pegawai yang telah disusun per jabatan d. Jika penempatan pegawai hasil rekrutmen murni tidak mengacu kepada kebutuhan pegawai yang telah disusun per jabatan | J39: A/B/C/D | K39: A | L39: =IF(J39="Ya/Tidak",IF(K39="Ya",1,IF(K39="Tidak",0,"Blm Diisi")),IF(J39="A/B/C",IF(K39="A",1,IF(K39="B",0.5,IF(K39="C",0,"Blm Diisi"))),IF(J39="A/B/C/D",IF(K39="A",1,IF(K39="B",0.67,IF(K39="C",0.33,IF(K39="D",0,"Blm Diisi")))),IF(J39="A/B/C/D/E",IF(K39="A",1,IF(K39="B",0.75,IF(K39="C",0.5,IF(K39="D",0.25,IF(K39="E",0,"Blm Diisi"))))),IF(J39="%",IF(K39="","Blm Diisi",K39),IF(J39="Jumlah",IF(K39="","Blm Diisi",""),IF(J39="Rupiah",IF(K39="","Blm Diisi",""),IF(J39="","","-")))))))) -> 1 | O39: Unit kerja telah menempatan pegawai hasil rekrutmen murni mengacu kepada kebutuhan pegawai yang telah disusun perjabatan | P39: 1.Laporan Penempatan Pegawai, yang memuat: a. Jumlah Kebutuhan Pegawai b. Spesifikasi Kebutuhan Pegawai c. Hasil Penerimaan Pegawai d. Penjelasan Penempatan Pegawai Hasil Rektrutmen e. Analisa kesesuaian penempatan dengan kebutuhan 2. SK Penempatan Pegawai 3. Pengumuman Penerimaan Pegawai Hasil Rekrutmen | Q39: https://drive.google.com/file/d/1QCMJhFh6Sshu6mW-JAJTNfNhkjEs96LW/view?usp=sharing
A40: 39 | F40: c. | G40: Telah dilakukan monitoring dan dan evaluasi terhadap penempatan pegawai rekrutmen untuk memenuhi kebutuhan jabatan dalam organisasi telah memberikan perbaikan terhadap kinerja unit kerja | I40: Ya, jika sudah dilakukan monitoring dan evaluasi terhadap penempatan pegawai hasil rekrutmen untuk memenuhi kebutuhan jabatan dalam organisasi telah memberikan perbaikan terhadap kinerja unit kerja. | J40: Ya/Tidak | K40: Ya | L40: =IF(J40="Ya/Tidak",IF(K40="Ya",1,IF(K40="Tidak",0,"Blm Diisi")),IF(J40="A/B/C",IF(K40="A",1,IF(K40="B",0.5,IF(K40="C",0,"Blm Diisi"))),IF(J40="A/B/C/D",IF(K40="A",1,IF(K40="B",0.67,IF(K40="C",0.33,IF(K40="D",0,"Blm Diisi")))),IF(J40="A/B/C/D/E",IF(K40="A",1,IF(K40="B",0.75,IF(K40="C",0.5,IF(K40="D",0.25,IF(K40="E",0,"Blm Diisi"))))),IF(J40="%",IF(K40="","Blm Diisi",K40),IF(J40="Jumlah",IF(K40="","Blm Diisi",""),IF(J40="Rupiah",IF(K40="","Blm Diisi",""),IF(J40="","","-")))))))) -> 1 | O40: Unit kerja sudah melakukan monitoring dan evaluasi terhadap penempatan pegawai hasil rekrutmen untuk memenuhi kebutuhan jabatan dalam organisasi | P40: 1. Laporan Monev atas Penempatan Pegawai Hasil Rekrutmen 2. Bukti Perbaikan Kinerja atas Rektrutmen Pegawai. | Q40: https://drive.google.com/file/d/1pXcuM0nBvBXDwbemQXCpyWVgyivAS39V/view?usp=sharing
A41: 40 | E41: ii. | F41: Pola Mutasi Internal | H41: 0.5 | L41: =AVERAGE(L42:L44)*H41 -> 0.5 | M41: =L41/H41 -> 1
A42: 41 | F42: a. | G42: Dalam melakukan pengembangan karier pegawai, telah dilakukan mutasi pegawai antar jabatan | I42: Ya, jika dilakukan mutasi pegawai antar jabatan sebagai wujud dari pengembangan karier pegawai. | J42: Ya/Tidak | K42: Ya | L42: =IF(J42="Ya/Tidak",IF(K42="Ya",1,IF(K42="Tidak",0,"Blm Diisi")),IF(J42="A/B/C",IF(K42="A",1,IF(K42="B",0.5,IF(K42="C",0,"Blm Diisi"))),IF(J42="A/B/C/D",IF(K42="A",1,IF(K42="B",0.67,IF(K42="C",0.33,IF(K42="D",0,"Blm Diisi")))),IF(J42="A/B/C/D/E",IF(K42="A",1,IF(K42="B",0.75,IF(K42="C",0.5,IF(K42="D",0.25,IF(K42="E",0,"Blm Diisi"))))),IF(J42="%",IF(K42="","Blm Diisi",K42),IF(J42="Jumlah",IF(K42="","Blm Diisi",""),IF(J42="Rupiah",IF(K42="","Blm Diisi",""),IF(J42="","","-")))))))) -> 1 | O42: Unit telah melakukan mutasi internal pegawai dengan tersistematis | P42: 1. Peraturan Mutasi (Perwal, SOP, SE, Kebijakan Internal) 2. SK Mutasi Pegawai internal secara berkala 3. Usulan Promosi pegawai. | Q42: https://drive.google.com/file/d/1czZp2Z5zgxcev4BzpsGL7-VlliwvOsth/view?usp=sharing
A43: 42 | F43: b. | G43: Dalam melakukan mutasi pegawai antar jabatan telah memperhatikan kompetensi jabatan dan mengikuti pola mutasi yang telah ditetapkan | I43: a. Jika semua mutasi pegawai antar jabatan telah memperhatikan kompetensi jabatan dan mengikuti pola mutasi yang telah ditetapkan organisasi dan juga unit kerja memberikan pertimbangan terkait hal ini b. Jika semua mutasi pegawai antar jabatan telah memperhatikan kompetensi jabatan dan mengikuti pola mutasi yang telah ditetapkan organisasi c. Jika sebagian besar mutasi pegawai antar jabatan telah memperhatikan kompetensi jabatan dan mengikuti pola mutasi yang telah ditetapkan organisasi d. Jika sebagian kecil semua mutasi pegawai antar jabatan telah memperhatikan kompetensi jabatan dan mengikuti pola mutasi yang telah ditetapkan organisasi e. Jika mutasi pegawai antar jabatan belum memperhatikan kompetensi jabatan dan mengikuti pola mutasi yang telah ditetapkan organisasi | J43: A/B/C/D/E | K43: A | L43: =IF(J43="Ya/Tidak",IF(K43="Ya",1,IF(K43="Tidak",0,"Blm Diisi")),IF(J43="A/B/C",IF(K43="A",1,IF(K43="B",0.5,IF(K43="C",0,"Blm Diisi"))),IF(J43="A/B/C/D",IF(K43="A",1,IF(K43="B",0.67,IF(K43="C",0.33,IF(K43="D",0,"Blm Diisi")))),IF(J43="A/B/C/D/E",IF(K43="A",1,IF(K43="B",0.75,IF(K43="C",0.5,IF(K43="D",0.25,IF(K43="E",0,"Blm Diisi"))))),IF(J43="%",IF(K43="","Blm Diisi",K43),IF(J43="Jumlah",IF(K43="","Blm Diisi",""),IF(J43="Rupiah",IF(K43="","Blm Diisi",""),IF(J43="","","-")))))))) -> 1 | O43: Unit kerja telah melaksanakan mutasi pegawai antar jabatan dengan memperhatikan kompetensi jabatan dan mengikuti pola mutasi yang telah ditetapkan organisasi | P43: 1. Laporan Pelaksanaan Mutasi Pegawai, yang memuat: a. Kompetensi pegawai b. Kompetensi jabatan c. Persentase kesesuakan kompetensi pegawasi dengan kompetensi jabatan. 2. Tindak lanjut atas rekomendasi laporan pelaksanaan mutasi pegawai. | Q43: https://drive.google.com/file/d/1oq4saTKwFHy9I5nt0VDYQ6KmlYxFg6YS/view?usp=sharing
A44: 43 | F44: c. | G44: Telah dilakukan monitoring dan evaluasi terhadap kegiatan mutasi yang telah dilakukan dalam kaitannya dengan perbaikan kinerja | I44: Ya, jika sudah dilakukan monitoring dan evaluasi terhadap kegiatan mutasi yang telah dilakukan dalam kaitannya dengan perbaikan kinerja. | J44: Ya/Tidak | K44: Ya | L44: =IF(J44="Ya/Tidak",IF(K44="Ya",1,IF(K44="Tidak",0,"Blm Diisi")),IF(J44="A/B/C",IF(K44="A",1,IF(K44="B",0.5,IF(K44="C",0,"Blm Diisi"))),IF(J44="A/B/C/D",IF(K44="A",1,IF(K44="B",0.67,IF(K44="C",0.33,IF(K44="D",0,"Blm Diisi")))),IF(J44="A/B/C/D/E",IF(K44="A",1,IF(K44="B",0.75,IF(K44="C",0.5,IF(K44="D",0.25,IF(K44="E",0,"Blm Diisi"))))),IF(J44="%",IF(K44="","Blm Diisi",K44),IF(J44="Jumlah",IF(K44="","Blm Diisi",""),IF(J44="Rupiah",IF(K44="","Blm Diisi",""),IF(J44="","","-")))))))) -> 1 | O44: Unit kerja telah melakukan monitoring dan evaluasi terhadap kegiatan mutasi yang dilakukan dalam kaitannya dengan perbaikan | P44: Monev atas Tindak Tanjut Rekomendasi Laporan Pelaksanaan Mtasi Pegawai | Q44: https://drive.google.com/file/d/1vLnioOlj0mM9dwdmqkBCpJ8c-FR7MISb/view?usp=sharing
A45: 44 | E45: iii. | F45: Pengembangan Pegawai Berbasis Kompetensi | H45: 1.25 | L45: =AVERAGE(L46:L51)*H45 -> 1.25 | M45: =L45/H45 -> 1
A46: 45 | F46: a. | G46: Unit Kerja melakukan Training Need Analysis Untuk pengembangan kompetensi | I46: Ya, jika sudah dilakukan Training Need Analysis Untuk pengembangan kompetensi. | J46: Ya/Tidak | K46: Ya | L46: =IF(J46="Ya/Tidak",IF(K46="Ya",1,IF(K46="Tidak",0,"Blm Diisi")),IF(J46="A/B/C",IF(K46="A",1,IF(K46="B",0.5,IF(K46="C",0,"Blm Diisi"))),IF(J46="A/B/C/D",IF(K46="A",1,IF(K46="B",0.67,IF(K46="C",0.33,IF(K46="D",0,"Blm Diisi")))),IF(J46="A/B/C/D/E",IF(K46="A",1,IF(K46="B",0.75,IF(K46="C",0.5,IF(K46="D",0.25,IF(K46="E",0,"Blm Diisi"))))),IF(J46="%",IF(K46="","Blm Diisi",K46),IF(J46="Jumlah",IF(K46="","Blm Diisi",""),IF(J46="Rupiah",IF(K46="","Blm Diisi",""),IF(J46="","","-")))))))) -> 1 | O46: Unit Kerja Sudah melakukan Training Need Analysis | P46: 1. Laporan TNA 2. Screen Shoot SIMAPK (BKPSDM), yang menujukkan bahwa unit telah menginput kebutuhan Bangkom Pegawai 3. Perwal 74 Th 2023 | Q46: https://drive.google.com/file/d/1iU_0gcqxjirCDV9Cq2coMZkpKvnA6UK6/view?usp=sharing
A47: 46 | F47: b. | G47: Dalam menyusun rencana pengembangan kompetensi pegawai, telah mempertimbangkan hasil pengelolaan kinerja pegawai | I47: a. Jika semua rencana pengembangan kompetensi pegawai mempertimbangkan hasil pengelolaan kinerja pegawai b. Jika sebagian besar rencana pengembangan kompetensi pegawai mempertimbangkan hasil pengelolaan kinerja pegawai c. Jika sebagian kecil rencana pengembangan kompetensi pegawai mempertimbangkan hasil pengelolaan kinerja pegawai d. Jika belum ada rencana pengembangan kompetensi pegawai yang mempertimbangkan hasil pengelolaan kinerja pegawai | J47: A/B/C/D | K47: A | L47: =IF(J47="Ya/Tidak",IF(K47="Ya",1,IF(K47="Tidak",0,"Blm Diisi")),IF(J47="A/B/C",IF(K47="A",1,IF(K47="B",0.5,IF(K47="C",0,"Blm Diisi"))),IF(J47="A/B/C/D",IF(K47="A",1,IF(K47="B",0.67,IF(K47="C",0.33,IF(K47="D",0,"Blm Diisi")))),IF(J47="A/B/C/D/E",IF(K47="A",1,IF(K47="B",0.75,IF(K47="C",0.5,IF(K47="D",0.25,IF(K47="E",0,"Blm Diisi"))))),IF(J47="%",IF(K47="","Blm Diisi",K47),IF(J47="Jumlah",IF(K47="","Blm Diisi",""),IF(J47="Rupiah",IF(K47="","Blm Diisi",""),IF(J47="","","-")))))))) -> 1 | O47: Unit kerja telah melakukan rencana pengembangan kompetensi pegawai dengan mempertimbangkan hasil pengelolaan kinerja pegawai | P47: 1. Ren Bangkom unit kerja/OPD 2. Standar Kompetensi Jabatan OPD 3. Penilaian Kinerja Pegawai | Q47: https://drive.google.com/file/d/1UV6RleEI2xscLpdlJWoRaV8qkm-dYFqt/view?usp=sharing
A48: 47 | F48: c. | G48: Tingkat kesenjangan kompetensi pegawai yang ada dengan standar kompetensi yang ditetapkan untuk masing-masing jabatan | I48: a. Jika persentase kesenjangan kompetensi pegawai dengan standar kompetensi yang ditetapkan sebesar <25% b. Jika persentase kesenjangan kompetensi pegawai dengan standar kompetensi yang ditetapkan sebesar >25%-50% c. Jika sebagian besar kompetensi pegawai dengan standar kompetensi yang ditetapkan untuk masing-masing jabatan >50% -75% d. Jika persentase kesenjangan kompetensi pegawai dengan standar kompetensi yang ditetapkan sebesar >75%-100% | J48: A/B/C/D | K48: A | L48: =IF(J48="Ya/Tidak",IF(K48="Ya",1,IF(K48="Tidak",0,"Blm Diisi")),IF(J48="A/B/C",IF(K48="A",1,IF(K48="B",0.5,IF(K48="C",0,"Blm Diisi"))),IF(J48="A/B/C/D",IF(K48="A",1,IF(K48="B",0.67,IF(K48="C",0.33,IF(K48="D",0,"Blm Diisi")))),IF(J48="A/B/C/D/E",IF(K48="A",1,IF(K48="B",0.75,IF(K48="C",0.5,IF(K48="D",0.25,IF(K48="E",0,"Blm Diisi"))))),IF(J48="%",IF(K48="","Blm Diisi",K48),IF(J48="Jumlah",IF(K48="","Blm Diisi",""),IF(J48="Rupiah",IF(K48="","Blm Diisi",""),IF(J48="","","-")))))))) -> 1 | O48: Kesenjangan kompetensi pegawai ditetapkan kurang dari 25% | P48: Laporan Analisis Kesenjangan Kompetensi Pegawai dengan Stankom, yang memuat JPM & Gap | Q48: https://drive.google.com/file/d/1XiI6swq130SYBOnfNPQvTKZ1bR9akk3_/view?usp=sharing
A49: 48 | F49: d. | G49: Pegawai di Unit Kerja telah memperoleh kesempatan/hak untuk mengikuti diklat maupun pengembangan kompetensi lainnya | I49: a. Jika seluruh pegawai di Unit Kerja telah memperoleh kesempatan/hak untuk mengikuti diklat maupun pengembangan kompetensi lainnya b. Jika sebagian besar pegawai di Unit Kerja telah memperoleh kesempatan/hak untuk mengikuti diklat maupun pengembangan kompetensi lainnya c. Jika sebagian kecil pegawai di Unit Kerja telah memperoleh kesempatan/hak untuk mengikuti diklat maupun pengembangan kompetensi lainnya d. Jika belum ada pegawai di Unit Kerja telah memperoleh kesempatan/hak untuk mengikuti diklat maupun pengembangan kompetensi lainnya | J49: A/B/C/D | K49: A | L49: =IF(J49="Ya/Tidak",IF(K49="Ya",1,IF(K49="Tidak",0,"Blm Diisi")),IF(J49="A/B/C",IF(K49="A",1,IF(K49="B",0.5,IF(K49="C",0,"Blm Diisi"))),IF(J49="A/B/C/D",IF(K49="A",1,IF(K49="B",0.67,IF(K49="C",0.33,IF(K49="D",0,"Blm Diisi")))),IF(J49="A/B/C/D/E",IF(K49="A",1,IF(K49="B",0.75,IF(K49="C",0.5,IF(K49="D",0.25,IF(K49="E",0,"Blm Diisi"))))),IF(J49="%",IF(K49="","Blm Diisi",K49),IF(J49="Jumlah",IF(K49="","Blm Diisi",""),IF(J49="Rupiah",IF(K49="","Blm Diisi",""),IF(J49="","","-")))))))) -> 1 | O49: seluruh pegawai di Unit Kerja telah memperoleh kesempatan/hak untuk mengikuti diklat maupun pengembangan kompetensi lainnya | P49: 1. Laporan Bankom yang memuat: a. Kebutuhan Diklat (Struktural, Jabfung, Teknis) b. Gap Kompetensi dengan Kebutuhan Bangkom 2. Surat Usulan Bangkom 3. DPA Terkait Bangkom | Q49: https://drive.google.com/file/d/11WybU7FiQdBm-8X25BzfVjma1Rdd5uOT/view?usp=sharing
A50: 49 | F50: e. | G50: Dalam pelaksanaan pengembangan kompetensi, unit kerja melakukan upaya pengembangan kompetensi kepada pegawai (seperti pengikutsertaan pada lembaga pelatihan, in-house training, coaching, atau mentoring) | I50: a. Jika unit kerja melakukan upaya pengembangan kompetensi kepada seluruh pegawai b. Jika unit kerja melakukan upaya pengembangan kompetensi kepada sebagian besar pegawai c. Jika unit kerja melakukan upaya pengembangan kompetensi kepada sebagian kecil pegawai d. Jika unit kerja belum melakukan upaya pengembangan kompetensi kepada pegawai | J50: A/B/C/D | K50: A | L50: =IF(J50="Ya/Tidak",IF(K50="Ya",1,IF(K50="Tidak",0,"Blm Diisi")),IF(J50="A/B/C",IF(K50="A",1,IF(K50="B",0.5,IF(K50="C",0,"Blm Diisi"))),IF(J50="A/B/C/D",IF(K50="A",1,IF(K50="B",0.67,IF(K50="C",0.33,IF(K50="D",0,"Blm Diisi")))),IF(J50="A/B/C/D/E",IF(K50="A",1,IF(K50="B",0.75,IF(K50="C",0.5,IF(K50="D",0.25,IF(K50="E",0,"Blm Diisi"))))),IF(J50="%",IF(K50="","Blm Diisi",K50),IF(J50="Jumlah",IF(K50="","Blm Diisi",""),IF(J50="Rupiah",IF(K50="","Blm Diisi",""),IF(J50="","","-")))))))) -> 1 | O50: Unit kerja telah melakukan upaya pengembangan kompetensi kepada seluruh pegawai | P50: 1. Bukti Bangkom yang telah dilaksanakan: a. Surat Usulan b. ST Bangkom c. Laporan Diklat dari peserta d. Sertifikat. 2. Kunker / Studi Banding (ST, Dokumentasi, Laporan) | Q50: https://drive.google.com/file/d/1Csyzd08lB3YoMq__g3GqP5I36ZoV4WSu/view?usp=sharing
A51: 50 | F51: f. | G51: Telah dilakukan monitoring dan evaluasi terhadap hasil pengembangan kompetensi dalam kaitannya dengan perbaikan kinerja | I51: a. Jika monitoring dan evaluasi terhadap hasil pengembangan kompetensi dalam kaitannya dengan perbaikan kinerja telah dilakukan secara berkala b. Jika monitoring dan evaluasi terhadap hasil pengembangan kompetensi dalam kaitannya dengan perbaikan kinerja telah dilakukan namun tidak secara berkala c. Jika monitoring dan evaluasi terhadap hasil pengembangan kompetensi dalam kaitannya dengan perbaikan kinerja belum dilakukan | J51: A/B/C | K51: A | L51: =IF(J51="Ya/Tidak",IF(K51="Ya",1,IF(K51="Tidak",0,"Blm Diisi")),IF(J51="A/B/C",IF(K51="A",1,IF(K51="B",0.5,IF(K51="C",0,"Blm Diisi"))),IF(J51="A/B/C/D",IF(K51="A",1,IF(K51="B",0.67,IF(K51="C",0.33,IF(K51="D",0,"Blm Diisi")))),IF(J51="A/B/C/D/E",IF(K51="A",1,IF(K51="B",0.75,IF(K51="C",0.5,IF(K51="D",0.25,IF(K51="E",0,"Blm Diisi"))))),IF(J51="%",IF(K51="","Blm Diisi",K51),IF(J51="Jumlah",IF(K51="","Blm Diisi",""),IF(J51="Rupiah",IF(K51="","Blm Diisi",""),IF(J51="","","-")))))))) -> 1 | O51: Unit kerja telah melakukan monitoring dan evaluasi terhadap hasil pengembangan kompetensi dalam kaitannya dengan perbaikan kinerja telah dilakukan secara berkala | P51: 1. Laporan Monev Pelaksanaan Bangkom 2. Tindak Lanjut atas Rekomendasi Monev | Q51: https://drive.google.com/file/d/1ZRfe52H01bXeh_e9NmHlt6ec_g3M734V/view?usp=sharing
A52: 51 | E52: iv. | F52: Penetapan Kinerja Individu | H52: 2 | L52: =AVERAGE(L53:L56)*H52 -> 2 | M52: =L52/H52 -> 1
A53: 52 | F53: a. | G53: Terdapat penetapan kinerja individu yang terkait dengan perjanjian kinerja organisasi | I53: a. Jika seluruh penetapan kinerja individu terkait dengan kinerja organisasi serta perjanjian kinerja selaras dengan sasaran kinerja pegawai (SKP) b. Jika sebagian besar penetapan kinerja individu terkait dengan kinerja organisasi c. Jika sebagian kecil penetapan kinerja individu terkait dengan kinerja organisasi d. Jika belum ada penetapan kinerja individu terkait dengan kinerja organisasi | J53: A/B/C/D | K53: A | L53: =IF(J53="Ya/Tidak",IF(K53="Ya",1,IF(K53="Tidak",0,"Blm Diisi")),IF(J53="A/B/C",IF(K53="A",1,IF(K53="B",0.5,IF(K53="C",0,"Blm Diisi"))),IF(J53="A/B/C/D",IF(K53="A",1,IF(K53="B",0.67,IF(K53="C",0.33,IF(K53="D",0,"Blm Diisi")))),IF(J53="A/B/C/D/E",IF(K53="A",1,IF(K53="B",0.75,IF(K53="C",0.5,IF(K53="D",0.25,IF(K53="E",0,"Blm Diisi"))))),IF(J53="%",IF(K53="","Blm Diisi",K53),IF(J53="Jumlah",IF(K53="","Blm Diisi",""),IF(J53="Rupiah",IF(K53="","Blm Diisi",""),IF(J53="","","-")))))))) -> 1 | O53: Unit Kerja telah menetapan kinerja individu terkait dengan kinerja organisasi serta perjanjian kinerja selaras dengan sasaran kinerja pegawai (SKP) | P53: 1. PK & Rencana Aksi semua Jenjang 2. IKI semua jenjang 3. SKP semua pegawai | Q53: https://drive.google.com/file/d/1Zi67ZOi-m9BZSv_ptBa4JR4YUuIYJBDa/view?usp=sharing
A54: 53 | F54: b. | G54: Ukuran kinerja individu telah memiliki kesesuaian dengan indikator kinerja individu level diatasnya | I54: a. Jika seluruh ukuran kinerja individu telah memiliki kesesuaian dengan indikator kinerja individu level diatasnya serta menggambarkan logic model b. Jika sebagian besar ukuran kinerja individu telah memiliki kesesuaian dengan indikator kinerja individu level diatasnya c. Jika sebagian kecil ukuran kinerja individu telah memiliki kesesuaian dengan indikator kinerja individu level diatasnya d. Jika ukuran kinerja individu belum memiliki kesesuaian dengan indikator kinerja individu level diatasnya | J54: A/B/C/D | K54: A | L54: =IF(J54="Ya/Tidak",IF(K54="Ya",1,IF(K54="Tidak",0,"Blm Diisi")),IF(J54="A/B/C",IF(K54="A",1,IF(K54="B",0.5,IF(K54="C",0,"Blm Diisi"))),IF(J54="A/B/C/D",IF(K54="A",1,IF(K54="B",0.67,IF(K54="C",0.33,IF(K54="D",0,"Blm Diisi")))),IF(J54="A/B/C/D/E",IF(K54="A",1,IF(K54="B",0.75,IF(K54="C",0.5,IF(K54="D",0.25,IF(K54="E",0,"Blm Diisi"))))),IF(J54="%",IF(K54="","Blm Diisi",K54),IF(J54="Jumlah",IF(K54="","Blm Diisi",""),IF(J54="Rupiah",IF(K54="","Blm Diisi",""),IF(J54="","","-")))))))) -> 1 | O54: Kinerja individu telah memiliki kesesuaian dengan indikator kinerja individu level diatasnya serta menggambarkan logic model | P54: Pohon kinerja | Q54: https://drive.google.com/file/d/1XUd9Tr3rKxpyfJZLISjibA42lOgEDDYl/view?usp=sharing
A55: 54 | F55: c. | G55: Pengukuran kinerja individu dilakukan secara periodik | I55: a. Jika pengukuran kinerja individu dilakukan secara bulanan b. Jika pengukuran kinerja individu dilakukan secara triwulanan c. Jika pengukuran kinerja individu dilakukan secara semesteran d. Jika pengukuran kinerja individu dilakukan secara tahunan e. Jika pengukuran kinerja individu belum dilakukan | J55: A/B/C/D/E | K55: A | L55: =IF(J55="Ya/Tidak",IF(K55="Ya",1,IF(K55="Tidak",0,"Blm Diisi")),IF(J55="A/B/C",IF(K55="A",1,IF(K55="B",0.5,IF(K55="C",0,"Blm Diisi"))),IF(J55="A/B/C/D",IF(K55="A",1,IF(K55="B",0.67,IF(K55="C",0.33,IF(K55="D",0,"Blm Diisi")))),IF(J55="A/B/C/D/E",IF(K55="A",1,IF(K55="B",0.75,IF(K55="C",0.5,IF(K55="D",0.25,IF(K55="E",0,"Blm Diisi"))))),IF(J55="%",IF(K55="","Blm Diisi",K55),IF(J55="Jumlah",IF(K55="","Blm Diisi",""),IF(J55="Rupiah",IF(K55="","Blm Diisi",""),IF(J55="","","-")))))))) -> 1 | O55: Pengukuran Kinerja Individu dilakukan secara bulanan didalam Lokakarya Bulanan (LOKBUL) | P55: 1. SKP EKIN BKN Tahun 2. SKP EKIN BKN Triwulan 3. Laporan Kinerja Lasik Perbulan | Q55: https://drive.google.com/file/d/1GAeKeCFISirhGW9P5kpXcwdkiyG8mSYm/view?usp=sharing
A56: 55 | F56: d. | G56: Hasil penilaian kinerja individu telah dijadikan dasar untuk pemberian reward | I56: Ya, jika hasil hasil penilaian kinerja individu telah dijadikan dasar untuk pemberian reward (Seperti: pengembangan karir individu, atau penghargaan) | J56: Ya/Tidak | K56: Ya | L56: =IF(J56="Ya/Tidak",IF(K56="Ya",1,IF(K56="Tidak",0,"Blm Diisi")),IF(J56="A/B/C",IF(K56="A",1,IF(K56="B",0.5,IF(K56="C",0,"Blm Diisi"))),IF(J56="A/B/C/D",IF(K56="A",1,IF(K56="B",0.67,IF(K56="C",0.33,IF(K56="D",0,"Blm Diisi")))),IF(J56="A/B/C/D/E",IF(K56="A",1,IF(K56="B",0.75,IF(K56="C",0.5,IF(K56="D",0.25,IF(K56="E",0,"Blm Diisi"))))),IF(J56="%",IF(K56="","Blm Diisi",K56),IF(J56="Jumlah",IF(K56="","Blm Diisi",""),IF(J56="Rupiah",IF(K56="","Blm Diisi",""),IF(J56="","","-")))))))) -> 1 | O56: hasil penilaian kinerja individu telah dijadikan dasar untuk pemberian reward | P56: 1. Kebijakan Pemberian Reward 2. SK Tim Penilaian Pemberian Reward 3. SK Pegawai Terbaik 4. Sertifikat Pegawai Terbaik 5. Dokumentasi kegiatan peemberian (Surat Undangan, Daftar Hadir, Dokmentasi) | Q56: https://drive.google.com/file/d/1LuHf1lje915ecj274Q7Qcy1YZUM_iF8j/view?usp=sharing
A57: 56 | E57: v. | F57: Penegakan Aturan Disiplin/Kode Etik/Kode Perilaku Pegawai | H57: 0.75 | L57: =AVERAGE(L58)*H57 -> 0.75 | M57: =L57/H57 -> 1
A58: 57 | F58: a. | G58: Aturan disiplin/kode etik/kode perilaku telah dilaksanakan/diimplementasikan | I58: a. Jika unit kerja telah mengimplementasikan seluruh aturan disiplin/kode etik/kode perilaku yang ditetapkan organisasi dan juga membuat inovasi terkait aturan disiplin/kode etik/kode perilaku yang sesuai dengan karakteristik unit kerja b. Jika unit kerja telah mengimplementasikan seluruh aturan disiplin/kode etik/kode perilaku yang ditetapkan organisasi c. Jika unit kerja telah mengimplementasikan sebagian aturan disiplin/kode etik/kode perilaku yang ditetapkan organisasi d. Jika unit kerja belum mengimplementasikan aturan disiplin/kode etik/kode perilaku yang ditetapkan organisasi | J58: A/B/C/D | K58: A | L58: =IF(J58="Ya/Tidak",IF(K58="Ya",1,IF(K58="Tidak",0,"Blm Diisi")),IF(J58="A/B/C",IF(K58="A",1,IF(K58="B",0.5,IF(K58="C",0,"Blm Diisi"))),IF(J58="A/B/C/D",IF(K58="A",1,IF(K58="B",0.67,IF(K58="C",0.33,IF(K58="D",0,"Blm Diisi")))),IF(J58="A/B/C/D/E",IF(K58="A",1,IF(K58="B",0.75,IF(K58="C",0.5,IF(K58="D",0.25,IF(K58="E",0,"Blm Diisi"))))),IF(J58="%",IF(K58="","Blm Diisi",K58),IF(J58="Jumlah",IF(K58="","Blm Diisi",""),IF(J58="Rupiah",IF(K58="","Blm Diisi",""),IF(J58="","","-")))))))) -> 1 | O58: Unit Kerja telah mengimplementasikan aturan disiplin dan kode etik | P58: 1. Kebijakan Aturan Disiplin Tingkat Kota, Internal OPD 2. Kebijakan Kode Etik/Perilaku Tingkat Kota, Internal OPD 3. Laporan Pelaksanaan aturan disiplin/kode etik/kode perilaku 4. Bukti Inovasi terkait implementasi aturan disiplin/kode etik/kode perilaku | Q58: https://drive.google.com/file/d/1hIIE-s9u_B__mt3TnDtcqyahF6ETaqOm/view?usp=sharing
A59: 58 | E59: vi. | F59: Sistem Informasi Kepegawaian | H59: 0.25 | L59: =AVERAGE(L60)*H59 -> 0.25 | M59: =L59/H59 -> 1
A60: 59 | F60: a. | G60: Data informasi kepegawaian unit kerja telah dimutakhirkan secara berkala | I60: a. Jika data informasi kepegawaian unit kerja dapat diakses oleh pegawai dan dimutakhirkan setiap ada perubahan data pegawai b. Jika data informasi kepegawaian unit kerja dapat diakses oleh pegawai dan dimutakhirkan namun secara berkala c. Jika data informasi kepegawaian unit kerja belum dimutakhirkan | J60: A/B/C | K60: A | L60: =IF(J60="Ya/Tidak",IF(K60="Ya",1,IF(K60="Tidak",0,"Blm Diisi")),IF(J60="A/B/C",IF(K60="A",1,IF(K60="B",0.5,IF(K60="C",0,"Blm Diisi"))),IF(J60="A/B/C/D",IF(K60="A",1,IF(K60="B",0.67,IF(K60="C",0.33,IF(K60="D",0,"Blm Diisi")))),IF(J60="A/B/C/D/E",IF(K60="A",1,IF(K60="B",0.75,IF(K60="C",0.5,IF(K60="D",0.25,IF(K60="E",0,"Blm Diisi"))))),IF(J60="%",IF(K60="","Blm Diisi",K60),IF(J60="Jumlah",IF(K60="","Blm Diisi",""),IF(J60="Rupiah",IF(K60="","Blm Diisi",""),IF(J60="","","-")))))))) -> 1 | O60: Data informasi kepegawaian unit kerja dapat diakses oleh pegawai dan dimutakhirkan setiap ada perubahan data pegawai | P60: 1. SE Pemutahiran Data Info Kepegawaian 2. Screenshot SIMPEG | Q60: https://drive.google.com/file/d/1lL0Ksw7x9FBY3CZq5121NcI3Kg5LPQmr/view?usp=sharing
A61: 60 | D61: 4. | E61: PENGUATAN AKUNTABILITAS | H61: 5 | L61: =SUM(L62,L66) -> 5 | M61: =L61/H61 -> 1
A62: 61 | E62: i. | F62: Keterlibatan Pimpinan | H62: 2.5 | L62: =AVERAGE(L63:L65)*H62 -> 2.5 | M62: =L62/H62 -> 1
A63: 62 | F63: a. | G63: Unit kerja telah melibatkan pimpinan secara langsung pada saat penyusunan perencanaan | I63: a. Jika pimpinan selalu terlibat dalam seluruh tahapan penyusunan perencanaan b. Jika pimpinan ikut terlibat dalam sebagian tahapan penyusunan perencanaan c. Jika tidak ada keterlibatan pimpinan dalam penyusunan perencanaan (hanya menandatangani) | J63: A/B/C | K63: A | L63: =IF(J63="Ya/Tidak",IF(K63="Ya",1,IF(K63="Tidak",0,"Blm Diisi")),IF(J63="A/B/C",IF(K63="A",1,IF(K63="B",0.5,IF(K63="C",0,"Blm Diisi"))),IF(J63="A/B/C/D",IF(K63="A",1,IF(K63="B",0.67,IF(K63="C",0.33,IF(K63="D",0,"Blm Diisi")))),IF(J63="A/B/C/D/E",IF(K63="A",1,IF(K63="B",0.75,IF(K63="C",0.5,IF(K63="D",0.25,IF(K63="E",0,"Blm Diisi"))))),IF(J63="%",IF(K63="","Blm Diisi",K63),IF(J63="Jumlah",IF(K63="","Blm Diisi",""),IF(J63="Rupiah",IF(K63="","Blm Diisi",""),IF(J63="","","-")))))))) -> 1 | O63: Pimpinan Selalu terlibat dalam seluruh tahapan perencanaan | P63: Kegiatan Penyusunan Dokumen Perencanaan (RKT, Renja, Renstra) yang dihadiri Kepala OPD / Eselon III, dengan eviden berupa: 1. Surat Undangan 2. Daftar Hadir 3. Dokumentasi 4. Notulensi | Q63: https://drive.google.com/file/d/1Ss0mztQVhp0S04kzQYsMJbVweUTZfDEH/view?usp=sharing
A64: 63 | F64: b. | G64: Unit kerja telah melibatkan secara langsung pimpinan saat penyusunan penetapan kinerja | I64: a. Jika pimpinan selalu terlibat dalam seluruh tahapan penyusunan perjanjian kinerja b. Jika pimpinan terlibat dalam sebagian tahapan penyusunan perjanjian kinerja c. Jika tidak ada keterlibatan pimpinan dalam penyusunan perjanjian kinerja | J64: A/B/C | K64: A | L64: =IF(J64="Ya/Tidak",IF(K64="Ya",1,IF(K64="Tidak",0,"Blm Diisi")),IF(J64="A/B/C",IF(K64="A",1,IF(K64="B",0.5,IF(K64="C",0,"Blm Diisi"))),IF(J64="A/B/C/D",IF(K64="A",1,IF(K64="B",0.67,IF(K64="C",0.33,IF(K64="D",0,"Blm Diisi")))),IF(J64="A/B/C/D/E",IF(K64="A",1,IF(K64="B",0.75,IF(K64="C",0.5,IF(K64="D",0.25,IF(K64="E",0,"Blm Diisi"))))),IF(J64="%",IF(K64="","Blm Diisi",K64),IF(J64="Jumlah",IF(K64="","Blm Diisi",""),IF(J64="Rupiah",IF(K64="","Blm Diisi",""),IF(J64="","","-")))))))) -> 1 | O64: Pimpinan Selalu terlibat dalam penyusunan kinerja | P64: Kegiatan Penyusunan Penetapan Kinerja (RKT/PK) yang dihadiri Kepala OPD / Eselon III, dengan eviden berupa: 1. Surat Undangan 2. Daftar Hadir 3. Dokumentasi 4. Notulensi | Q64: https://drive.google.com/file/d/1qmqTdSGv9O2KEQl30K2W6WYz7vmXAVyg/view?usp=sharing
A65: 64 | F65: c. | G65: Pimpinan memantau pencapaian kinerja secara berkala | I65: a. Jika pimpinan selalu terlibat dalam seluruh pemantauan pencapaian kinerja dan menindaklanjuti hasil pemantauan b. Jika pimpinan unit kerja terlibat dalam seluruh pemantauan pencapaian kinerja tetapi tidak ada tindak lanjut hasil pemantauan c. Jika pimpinan unit kerja terlibat dalam sebagian pemantauan pencapaian kinerja d. Jika tidak ada keterlibatan pimpinan dalam pemantauan pencapaian kinerja | J65: A/B/C/D | K65: A | L65: =IF(J65="Ya/Tidak",IF(K65="Ya",1,IF(K65="Tidak",0,"Blm Diisi")),IF(J65="A/B/C",IF(K65="A",1,IF(K65="B",0.5,IF(K65="C",0,"Blm Diisi"))),IF(J65="A/B/C/D",IF(K65="A",1,IF(K65="B",0.67,IF(K65="C",0.33,IF(K65="D",0,"Blm Diisi")))),IF(J65="A/B/C/D/E",IF(K65="A",1,IF(K65="B",0.75,IF(K65="C",0.5,IF(K65="D",0.25,IF(K65="E",0,"Blm Diisi"))))),IF(J65="%",IF(K65="","Blm Diisi",K65),IF(J65="Jumlah",IF(K65="","Blm Diisi",""),IF(J65="Rupiah",IF(K65="","Blm Diisi",""),IF(J65="","","-")))))))) -> 1 | O65: Pimpinan selalu terlibat dalam seluruh pemantauan pencapaian kinerja dan menindaklanjuti hasil pemantauan | P65: Kegiatan Monev Pencapaian Kinerja secara Triwulanan (Monev Renaksi PK) yang dihadiri Kepala OPD / Eselon III, dengan eviden berupa: 1. Surat Undangan 2. Daftar Hadir 3. Dokumentasi 4. Notulensi | Q65: https://drive.google.com/file/d/1O54ziv9ZC7p8A28BFMzgwV9LS6OeXzjP/view?usp=sharing
A66: 65 | E66: ii. | F66: Pengelolaan Akuntabilitas Kinerja | H66: 2.5 | L66: =AVERAGE(L67:L74)*H66 -> 2.5 | M66: =L66/H66 -> 1
A67: 66 | F67: a. | G67: Dokumen perencanaan kinerja sudah ada | I67: ya, jika unit kerja memiliki dokumen perencanaan kinerja lengkap | J67: Ya/Tidak | K67: Ya | L67: =IF(J67="Ya/Tidak",IF(K67="Ya",1,IF(K67="Tidak",0,"Blm Diisi")),IF(J67="A/B/C",IF(K67="A",1,IF(K67="B",0.5,IF(K67="C",0,"Blm Diisi"))),IF(J67="A/B/C/D",IF(K67="A",1,IF(K67="B",0.67,IF(K67="C",0.33,IF(K67="D",0,"Blm Diisi")))),IF(J67="A/B/C/D/E",IF(K67="A",1,IF(K67="B",0.75,IF(K67="C",0.5,IF(K67="D",0.25,IF(K67="E",0,"Blm Diisi"))))),IF(J67="%",IF(K67="","Blm Diisi",K67),IF(J67="Jumlah",IF(K67="","Blm Diisi",""),IF(J67="Rupiah",IF(K67="","Blm Diisi",""),IF(J67="","","-")))))))) -> 1 | O67: Unit kerja memiliki dokumen perencanaan kinerja lengkap | P67: 1. Dokumen Perencanaan Jangka Menengah: - Renstra 2. Dokumen Perencanaan Jangka Pendek a. Renja b. RKT / PK c. RKA | Q67: https://drive.google.com/file/d/1Sg_qloH9x-iAg0cYrIGpyoHGF61JNTf0/view?usp=sharing
A68: 67 | F68: b. | G68: Perencanaan kinerja telah berorientasi hasil | I68: ya, jika perencanaan kinerja telah berorientasi hasil | J68: Ya/Tidak | K68: Ya | L68: =IF(J68="Ya/Tidak",IF(K68="Ya",1,IF(K68="Tidak",0,"Blm Diisi")),IF(J68="A/B/C",IF(K68="A",1,IF(K68="B",0.5,IF(K68="C",0,"Blm Diisi"))),IF(J68="A/B/C/D",IF(K68="A",1,IF(K68="B",0.67,IF(K68="C",0.33,IF(K68="D",0,"Blm Diisi")))),IF(J68="A/B/C/D/E",IF(K68="A",1,IF(K68="B",0.75,IF(K68="C",0.5,IF(K68="D",0.25,IF(K68="E",0,"Blm Diisi"))))),IF(J68="%",IF(K68="","Blm Diisi",K68),IF(J68="Jumlah",IF(K68="","Blm Diisi",""),IF(J68="Rupiah",IF(K68="","Blm Diisi",""),IF(J68="","","-")))))))) -> 1 | O68: perencanaan kinerja telah berorientasi hasil | P68: LHE SAKIP OPD Inspektorat | Q68: https://drive.google.com/file/d/1VkPbOPrs1VbXza7SdOMjR-RvNiZjilkI/view?usp=sharing
A69: 68 | F69: c. | G69: Terdapat penetapan Indikator Kinerja Utama (IKU) | I69: ya, jika unit kerja memiliki IKU | J69: Ya/Tidak | K69: Ya | L69: =IF(J69="Ya/Tidak",IF(K69="Ya",1,IF(K69="Tidak",0,"Blm Diisi")),IF(J69="A/B/C",IF(K69="A",1,IF(K69="B",0.5,IF(K69="C",0,"Blm Diisi"))),IF(J69="A/B/C/D",IF(K69="A",1,IF(K69="B",0.67,IF(K69="C",0.33,IF(K69="D",0,"Blm Diisi")))),IF(J69="A/B/C/D/E",IF(K69="A",1,IF(K69="B",0.75,IF(K69="C",0.5,IF(K69="D",0.25,IF(K69="E",0,"Blm Diisi"))))),IF(J69="%",IF(K69="","Blm Diisi",K69),IF(J69="Jumlah",IF(K69="","Blm Diisi",""),IF(J69="Rupiah",IF(K69="","Blm Diisi",""),IF(J69="","","-")))))))) -> 1 | O69: Unit Kerja Memiliki IKU | P69: PK & PK Perubahan (Eselon II, III, IV) | Q69: https://drive.google.com/file/d/1MTTQLASbBGlRxRODQq1Epsvkxc2vEfAc/view?usp=sharing
A70: 69 | F70: d. | G70: Indikator kinerja telah telah memenuhi kriteria SMART | I70: a. Jika seluruh indikator kinerja telah SMART b. Jika sebagian besar indikator kinerja telah SMART c. Jika sebagian kecil indikator kinerja telah SMART d. Jika belum ada indikator kinerja yang SMART | J70: A/B/C/D | K70: A | L70: =IF(J70="Ya/Tidak",IF(K70="Ya",1,IF(K70="Tidak",0,"Blm Diisi")),IF(J70="A/B/C",IF(K70="A",1,IF(K70="B",0.5,IF(K70="C",0,"Blm Diisi"))),IF(J70="A/B/C/D",IF(K70="A",1,IF(K70="B",0.67,IF(K70="C",0.33,IF(K70="D",0,"Blm Diisi")))),IF(J70="A/B/C/D/E",IF(K70="A",1,IF(K70="B",0.75,IF(K70="C",0.5,IF(K70="D",0.25,IF(K70="E",0,"Blm Diisi"))))),IF(J70="%",IF(K70="","Blm Diisi",K70),IF(J70="Jumlah",IF(K70="","Blm Diisi",""),IF(J70="Rupiah",IF(K70="","Blm Diisi",""),IF(J70="","","-")))))))) -> 1 | O70: Seluruh indikator kinerja telah SMART | P70: LHE SAKIP OPD Inspektorat | Q70: https://drive.google.com/file/d/1afArLZx5baHp1Gtaeivu6Czhg_NV8vgP/view?usp=sharing
A71: 70 | F71: e. | G71: Laporan kinerja telah disusun tepat waktu | I71: Ya, jika unit kerja telah menyusun laporan kinerja tepat waktu | J71: Ya/Tidak | K71: Ya | L71: =IF(J71="Ya/Tidak",IF(K71="Ya",1,IF(K71="Tidak",0,"Blm Diisi")),IF(J71="A/B/C",IF(K71="A",1,IF(K71="B",0.5,IF(K71="C",0,"Blm Diisi"))),IF(J71="A/B/C/D",IF(K71="A",1,IF(K71="B",0.67,IF(K71="C",0.33,IF(K71="D",0,"Blm Diisi")))),IF(J71="A/B/C/D/E",IF(K71="A",1,IF(K71="B",0.75,IF(K71="C",0.5,IF(K71="D",0.25,IF(K71="E",0,"Blm Diisi"))))),IF(J71="%",IF(K71="","Blm Diisi",K71),IF(J71="Jumlah",IF(K71="","Blm Diisi",""),IF(J71="Rupiah",IF(K71="","Blm Diisi",""),IF(J71="","","-")))))))) -> 1 | O71: Unit kerja telah menyusun laporan kinerja tepat waktu | P71: 1. LAKIP OPD (Tanggal sebelum Maret Th berkenaan) 2. Tanda Terima Penyerahan LAKIP. | Q71: https://drive.google.com/file/d/13Z1BTcAACW-iGmVgXVXi-i8WRyO_YgD9/view?usp=sharing
A72: 71 | F72: f. | G72: Laporan kinerja telah memberikan informasi tentang kinerja | I72: a. Jika seluruh pelaporan kinerja telah memberikan informasi tentang kinerja b. Jika sebagian pelaporan kinerja belum memberikan informasi tentang kinerja c. Jika seluruh pelaporan kinerja belum memberikan informasi tentang kinerja | J72: A/B/C | K72: A | L72: =IF(J72="Ya/Tidak",IF(K72="Ya",1,IF(K72="Tidak",0,"Blm Diisi")),IF(J72="A/B/C",IF(K72="A",1,IF(K72="B",0.5,IF(K72="C",0,"Blm Diisi"))),IF(J72="A/B/C/D",IF(K72="A",1,IF(K72="B",0.67,IF(K72="C",0.33,IF(K72="D",0,"Blm Diisi")))),IF(J72="A/B/C/D/E",IF(K72="A",1,IF(K72="B",0.75,IF(K72="C",0.5,IF(K72="D",0.25,IF(K72="E",0,"Blm Diisi"))))),IF(J72="%",IF(K72="","Blm Diisi",K72),IF(J72="Jumlah",IF(K72="","Blm Diisi",""),IF(J72="Rupiah",IF(K72="","Blm Diisi",""),IF(J72="","","-")))))))) -> 1 | O72: seluruh pelaporan kinerja telah memberikan informasi tentang kinerja | P72: LAKIP OPD 1. Cek penyajian capaian kinerja 2. Cek penyajian capaian anggaran | Q72: https://drive.google.com/file/d/1ZXT-aEtgZ-NFCSEoShCQL168KCrqNVjt/view?usp=sharing
A73: 72 | F73: g. | G73: Terdapat sistem informasi/mekanisme informasi kinerja | I73: ya, jika terdapat sistem informasi/mekanisme informasi kinerja | J73: Ya/Tidak | K73: Ya | L73: =IF(J73="Ya/Tidak",IF(K73="Ya",1,IF(K73="Tidak",0,"Blm Diisi")),IF(J73="A/B/C",IF(K73="A",1,IF(K73="B",0.5,IF(K73="C",0,"Blm Diisi"))),IF(J73="A/B/C/D",IF(K73="A",1,IF(K73="B",0.67,IF(K73="C",0.33,IF(K73="D",0,"Blm Diisi")))),IF(J73="A/B/C/D/E",IF(K73="A",1,IF(K73="B",0.75,IF(K73="C",0.5,IF(K73="D",0.25,IF(K73="E",0,"Blm Diisi"))))),IF(J73="%",IF(K73="","Blm Diisi",K73),IF(J73="Jumlah",IF(K73="","Blm Diisi",""),IF(J73="Rupiah",IF(K73="","Blm Diisi",""),IF(J73="","","-")))))))) -> 1 | O73: terdapat sistem informasi/mekanisme informasi kinerja | P73: https://e-sakip.tangerangselatankota.go.id | Q73: https://drive.google.com/file/d/14OsMZ_RKfAAZkmwaxPaI_Hv5D2V4eqeu/view?usp=sharing
A74: 73 | F74: h | G74: Unit kerja telah berupaya meningkatkan kapasitas SDM yang menangangi akuntabilitas kinerja | I74: a. Jika seluruh SDM pengelola akuntabilitas kinerja kompeten b. Jika sebagian SDM pengelola akuntabilitas kinerja kompeten c. Jika seluruh SDM pengelola akuntabilitas kinerja belum ada yang kompeten | J74: A/B/C | K74: A | L74: =IF(J74="Ya/Tidak",IF(K74="Ya",1,IF(K74="Tidak",0,"Blm Diisi")),IF(J74="A/B/C",IF(K74="A",1,IF(K74="B",0.5,IF(K74="C",0,"Blm Diisi"))),IF(J74="A/B/C/D",IF(K74="A",1,IF(K74="B",0.67,IF(K74="C",0.33,IF(K74="D",0,"Blm Diisi")))),IF(J74="A/B/C/D/E",IF(K74="A",1,IF(K74="B",0.75,IF(K74="C",0.5,IF(K74="D",0.25,IF(K74="E",0,"Blm Diisi"))))),IF(J74="%",IF(K74="","Blm Diisi",K74),IF(J74="Jumlah",IF(K74="","Blm Diisi",""),IF(J74="Rupiah",IF(K74="","Blm Diisi",""),IF(J74="","","-")))))))) -> 1 | O74: seluruh SDM pengelola akuntabilitas kinerja kompeten | P74: 1. Pelatihan Terkait Akuntabilitas Kinerja a. Surat Undangan Bimtek/PKS/Pelatihan/Workshop b. Daftar Hadir c. Dokumentasi d. Notulensi e. Sertifikat 2. Gap Analisis antara Jumlah Pegawai dengan Jumlah Pegawai Yg Telah Pelatihan terkait Akuntabilitas Kinerja | Q74: https://drive.google.com/file/d/19T-_vQ2pf9uChHlzK5TgiDdD-htM9IVU/view?usp=sharing
A75: 74 | D75: 5. | E75: PENGUATAN PENGAWASAN | H75: 7.5 | L75: =SUM(L76,L79,L84,L89,L94) -> 7.5 | M75: =L75/H75 -> 1
A76: 75 | E76: i. | F76: Pengendalian Gratifikasi | H76: 1.5 | L76: =AVERAGE(L77:L78)*H76 -> 1.5 | M76: =L76/H76 -> 1
A77: 76 | F77: a. | G77: Telah dilakukan public campaign tentang pengendalian gratifikasi | I77: a. Jika public campaign telah dilakukan secara berkala b. Jika public campaign dilakukan tidak secara berkala c. Jika belum dilakukan public campaign | J77: A/B/C | K77: A | L77: =IF(J77="Ya/Tidak",IF(K77="Ya",1,IF(K77="Tidak",0,"Blm Diisi")),IF(J77="A/B/C",IF(K77="A",1,IF(K77="B",0.5,IF(K77="C",0,"Blm Diisi"))),IF(J77="A/B/C/D",IF(K77="A",1,IF(K77="B",0.67,IF(K77="C",0.33,IF(K77="D",0,"Blm Diisi")))),IF(J77="A/B/C/D/E",IF(K77="A",1,IF(K77="B",0.75,IF(K77="C",0.5,IF(K77="D",0.25,IF(K77="E",0,"Blm Diisi"))))),IF(J77="%",IF(K77="","Blm Diisi",K77),IF(J77="Jumlah",IF(K77="","Blm Diisi",""),IF(J77="Rupiah",IF(K77="","Blm Diisi",""),IF(J77="","","-")))))))) -> 1 | O77: public campaign telah dilakukan | P77: 1. Himbauan Terkait Gratifikasi Media Cetak a. Surat Ke Semua Pegawai b. Banner/Leaflet/Dll c. Papan Pengumuman 2. Himbauan Terkait Gratifikasi Digital a. Medsos b. WA Status Secara berkala di update | Q77: https://drive.google.com/file/d/1-7Ofx2yEs4VZm4cYXg6JuV7IZlKuaFav/view?usp=sharing
A78: 77 | F78: b. | G78: Pengendalian gratifikasi telah diimplementasikan | I78: a. Jika Unit Pengendalian Gratifikasi, pengendalian gratifikasi telahmenjadi bagian dari prosedur b. Jika Unit Pengendalian Gratifikasi, upaya pengendalian gratifikasi telah mulai dilakukan c. Jika telah membentuk Unit Pengendalian Gratifikasi tetapi belum terdapat prosedur pengendalian d. Jika belum memiliki Unit Pengendalian Gratifikasi | J78: A/B/C/D | K78: A | L78: =IF(J78="Ya/Tidak",IF(K78="Ya",1,IF(K78="Tidak",0,"Blm Diisi")),IF(J78="A/B/C",IF(K78="A",1,IF(K78="B",0.5,IF(K78="C",0,"Blm Diisi"))),IF(J78="A/B/C/D",IF(K78="A",1,IF(K78="B",0.67,IF(K78="C",0.33,IF(K78="D",0,"Blm Diisi")))),IF(J78="A/B/C/D/E",IF(K78="A",1,IF(K78="B",0.75,IF(K78="C",0.5,IF(K78="D",0.25,IF(K78="E",0,"Blm Diisi"))))),IF(J78="%",IF(K78="","Blm Diisi",K78),IF(J78="Jumlah",IF(K78="","Blm Diisi",""),IF(J78="Rupiah",IF(K78="","Blm Diisi",""),IF(J78="","","-")))))))) -> 1 | O78: Unit Pengendalian Gratifikasi, pengendalian gratifikasi telah menjadi bagian dari prosedur | P78: 1. SK Tim UPG 2. SOP UPG 3. Laporan Rekapitulasi dan Tindak Lanjut Pelaporan Penerimaan, Penolakan, Pemberian dan Permintaan Gratifikasi | Q78: https://drive.google.com/file/d/1zHtF8hmMtyHypzS58NY4t5uIGHqWCAm2/view?usp=sharing
A79: 78 | E79: ii. | F79: Penerapan Sistem Pengendalian Intern Pemerintah (SPIP) | H79: 1.5 | L79: =AVERAGE(L80:L83)*H79 -> 1.5 | M79: =L79/H79 -> 1
A80: 79 | F80: a. | G80: Telah dibangun lingkungan pengendalian | I80: a. Jika unit kerja membangun seluruh lingkungan pengendalian sesuai dengan yang ditetapkan organisasi dan juga membuat inovasi terkait lingkungan pengendalian yang sesuai dengan karakteristik unit kerja b. Jika unit kerja membangun seluruh lingkungan pengendalian sesuai dengan yang ditetapkan organisasi c. Jika unit kerja membangun sebagian besar lingkungan pengendalian sesuai dengan yang ditetapkan organisasi d. Jika unit kerja membangun sebagian kecil lingkungan pengendalian sesuai dengan yang ditetapkan organisasi e. Jika unit kerja belum membangun lingkungan pengendalian | J80: A/B/C/D/E | K80: A | L80: =IF(J80="Ya/Tidak",IF(K80="Ya",1,IF(K80="Tidak",0,"Blm Diisi")),IF(J80="A/B/C",IF(K80="A",1,IF(K80="B",0.5,IF(K80="C",0,"Blm Diisi"))),IF(J80="A/B/C/D",IF(K80="A",1,IF(K80="B",0.67,IF(K80="C",0.33,IF(K80="D",0,"Blm Diisi")))),IF(J80="A/B/C/D/E",IF(K80="A",1,IF(K80="B",0.75,IF(K80="C",0.5,IF(K80="D",0.25,IF(K80="E",0,"Blm Diisi"))))),IF(J80="%",IF(K80="","Blm Diisi",K80),IF(J80="Jumlah",IF(K80="","Blm Diisi",""),IF(J80="Rupiah",IF(K80="","Blm Diisi",""),IF(J80="","","-")))))))) -> 1 | O80: unit kerja membangun seluruh lingkungan pengendalian sesuai dengan yang ditetapkan organisasi dan juga membuat inovasi terkait lingkungan pengendalian yang sesuai dengan karakteristik unit kerja | P80: 1. Tim SPIP OPD 2. Laporan Penilaian Mandiri SPIP 3. LHE Evaluasi SPIP PD Inspektorat | Q80: https://drive.google.com/file/d/1iejEAeB4E7ZdpiNfyOdlTchd0yqDTjOI/view?usp=sharing
A81: 80 | F81: b. | G81: Telah dilakukan penilaian risiko atas pelaksanaan kebijakan | I81: a. Jika unit kerja melakukan penilaian risiko atas seluruh pelaksanaan kebijakan sesuai dengan yang ditetapkan organisasi dan juga membuat inovasi terkait lingkungan pengendalian yang sesuai dengan karakteristik unit kerja; b. Jika unit kerja melakukan penilaian risiko atas seluruh pelaksanaan kebijakan sesuai dengan yang ditetapkan organisasi c. Jika melakukan penilaian risiko atas sebagian besar pelaksanaan kebijakan sesuai dengan yang ditetapkan organisasi d. Jika melakukan penilaian risiko atas sebagian kecil pelaksanaan kebijakan sesuai dengan yang ditetapkan organisasi e. Jika unit kerja belum melakukan penilaian resiko | J81: A/B/C/D/E | K81: A | L81: =IF(J81="Ya/Tidak",IF(K81="Ya",1,IF(K81="Tidak",0,"Blm Diisi")),IF(J81="A/B/C",IF(K81="A",1,IF(K81="B",0.5,IF(K81="C",0,"Blm Diisi"))),IF(J81="A/B/C/D",IF(K81="A",1,IF(K81="B",0.67,IF(K81="C",0.33,IF(K81="D",0,"Blm Diisi")))),IF(J81="A/B/C/D/E",IF(K81="A",1,IF(K81="B",0.75,IF(K81="C",0.5,IF(K81="D",0.25,IF(K81="E",0,"Blm Diisi"))))),IF(J81="%",IF(K81="","Blm Diisi",K81),IF(J81="Jumlah",IF(K81="","Blm Diisi",""),IF(J81="Rupiah",IF(K81="","Blm Diisi",""),IF(J81="","","-")))))))) -> 1 | O81: unit kerja melakukan penilaian risiko atas seluruh pelaksanaan kebijakan sesuai dengan yang ditetapkan organisasi dan juga membuat inovasi terkait lingkungan pengendalian yang sesuai dengan karakteristik unit kerja | P81: 1. Kegiatan Penyusunan DPR OPD Tahunan a. Surat Undangan b. Daftar Hadir c. Notulensi d. Dokumentasi 2. Dokumen DPR / RTP OPD Tahunan 3. LHR DPR oleh Inspektorat | Q81: https://drive.google.com/file/d/1SCIHAoeKAP2GICc6uVTg_HipgKnuMM4U/view?usp=sharing
A82: 81 | F82: c. | G82: Telah dilakukan kegiatan pengendalian untuk meminimalisir risiko yang telah diidentifikasi | I82: a. Jika unit kerja melakukan kegiatan pengendalian untuk meminimalisir resiko sesuai dengan yang ditetapkan organisasi dan juga membuat inovasi terkait kegiatan pengendalian untuk meminimalisir resiko yang sesuai dengan karakteristik unit kerja b. Jika unit kerja melakukan kegiatan pengendalian untuk meminimalisir resiko sesuai dengan yang ditetapkan organisasi c. Jika unit kerja belum melakukan kegiatan pengendalian untuk meminimalisir resiko | J82: A/B/C | K82: A | L82: =IF(J82="Ya/Tidak",IF(K82="Ya",1,IF(K82="Tidak",0,"Blm Diisi")),IF(J82="A/B/C",IF(K82="A",1,IF(K82="B",0.5,IF(K82="C",0,"Blm Diisi"))),IF(J82="A/B/C/D",IF(K82="A",1,IF(K82="B",0.67,IF(K82="C",0.33,IF(K82="D",0,"Blm Diisi")))),IF(J82="A/B/C/D/E",IF(K82="A",1,IF(K82="B",0.75,IF(K82="C",0.5,IF(K82="D",0.25,IF(K82="E",0,"Blm Diisi"))))),IF(J82="%",IF(K82="","Blm Diisi",K82),IF(J82="Jumlah",IF(K82="","Blm Diisi",""),IF(J82="Rupiah",IF(K82="","Blm Diisi",""),IF(J82="","","-")))))))) -> 1 | O82: unit kerja melakukan kegiatan pengendalian untuk meminimalisir resiko sesuai dengan yang ditetapkan organisasi dan juga membuat inovasi terkait kegiatan pengendalian untuk meminimalisir resiko yang sesuai dengan karakteristik unit kerja | P82: 1. Laporan Realisasi Atas Pengkomunikasian Kegiatan Pengendalian Yang Dibangun 2. Laporan Realisasi Pemantauan atas Kegiatan Pengendalian Intern Yang Dibutuhkan 3. Laporan Pencatatan Kejadian Risiko (Risk Event) 4. Laporan Pelaksanaan RTP 5. Laporan Respon Terhadap Risiko Kecurangan | Q82: https://drive.google.com/file/d/1sfv05Gp89us1h43XiG5JkQYGTBaXFVwq/view?usp=sharing
A83: 82 | F83: d. | G83: SPI telah diinformasikan dan dikomunikasikan kepada seluruh pihak terkait | I83: a. Jika SPI telah diinformasikan dan dikomunikasikan kepada seluruh pihak terkait b. Jika SPI telah diinformasikan dan dikomunikasikan kepada sebagian pihak terkait c. Jika SPI belum diinformasikan dan dikomunikasikan kepada pihak terkait | J83: A/B/C | K83: A | L83: =IF(J83="Ya/Tidak",IF(K83="Ya",1,IF(K83="Tidak",0,"Blm Diisi")),IF(J83="A/B/C",IF(K83="A",1,IF(K83="B",0.5,IF(K83="C",0,"Blm Diisi"))),IF(J83="A/B/C/D",IF(K83="A",1,IF(K83="B",0.67,IF(K83="C",0.33,IF(K83="D",0,"Blm Diisi")))),IF(J83="A/B/C/D/E",IF(K83="A",1,IF(K83="B",0.75,IF(K83="C",0.5,IF(K83="D",0.25,IF(K83="E",0,"Blm Diisi"))))),IF(J83="%",IF(K83="","Blm Diisi",K83),IF(J83="Jumlah",IF(K83="","Blm Diisi",""),IF(J83="Rupiah",IF(K83="","Blm Diisi",""),IF(J83="","","-")))))))) -> 1 | O83: SPI telah diinformasikan dan dikomunikasikan kepada seluruh pihak terkait | P83: 1. Surat Ka OPD ke Eksternal terkait pelaksanaan SPI (Survey Penilaian Integritasi) MCP KPK 2. Surat Ka OPD ke Internal terkait pelaksanaan SPI (Survey Penilaian Integritasi) MCP KPK | Q83: https://drive.google.com/file/d/1HgWUPMunzFL335v2ZclgJbn0k4ZYHIPu/view?usp=sharing
A84: 83 | E84: iii. | F84: Pengaduan Masyarakat | H84: 1.5 | L84: =AVERAGE(L85:L88)*H84 -> 1.5 | M84: =L84/H84 -> 1
A85: 84 | F85: a. | G85: Kebijakan Pengaduan masyarakat telah diimplementasikan | I85: a. Jika unit kerja mengimplementasikan seluruh kebijakan pengaduan masyarakat sesuai dengan yang ditetapkan organisasi dan juga membuat inovasi terkait pengaduan masyarakat yang sesuai dengan karakteristik unit kerja b. Jika unit kerja telah mengimplementasikan seluruh kebijakan pengaduan masyarakat sesuai dengan yang ditetapkan organisasi c. Jika unit kerja belum mengimplementasikan kebijakan pengaduan masyarakat | J85: A/B/C | K85: A | L85: =IF(J85="Ya/Tidak",IF(K85="Ya",1,IF(K85="Tidak",0,"Blm Diisi")),IF(J85="A/B/C",IF(K85="A",1,IF(K85="B",0.5,IF(K85="C",0,"Blm Diisi"))),IF(J85="A/B/C/D",IF(K85="A",1,IF(K85="B",0.67,IF(K85="C",0.33,IF(K85="D",0,"Blm Diisi")))),IF(J85="A/B/C/D/E",IF(K85="A",1,IF(K85="B",0.75,IF(K85="C",0.5,IF(K85="D",0.25,IF(K85="E",0,"Blm Diisi"))))),IF(J85="%",IF(K85="","Blm Diisi",K85),IF(J85="Jumlah",IF(K85="","Blm Diisi",""),IF(J85="Rupiah",IF(K85="","Blm Diisi",""),IF(J85="","","-")))))))) -> 1 | O85: unit kerja mengimplementasikan seluruh kebijakan pengaduan masyarakat sesuai dengan yang ditetapkan organisasi dan juga membuat inovasi terkait pengaduan masyarakat yang sesuai dengan karakteristik unit kerja | Q85: https://drive.google.com/file/d/1kiKwEjK5UQP01xnSNOF5vGKGvl4vBUhB/view?usp=sharing
F86: b. | G86: pengaduan masyarakat dtindaklanjuti | I86: ya,pengaduan masyaakat ditindaklanjuti | J86: Ya/Tidak | K86: Ya | L86: =IF(J86="Ya/Tidak",IF(K86="Ya",1,IF(K86="Tidak",0,"Blm Diisi")),IF(J86="A/B/C",IF(K86="A",1,IF(K86="B",0.5,IF(K86="C",0,"Blm Diisi"))),IF(J86="A/B/C/D",IF(K86="A",1,IF(K86="B",0.67,IF(K86="C",0.33,IF(K86="D",0,"Blm Diisi")))),IF(J86="A/B/C/D/E",IF(K86="A",1,IF(K86="B",0.75,IF(K86="C",0.5,IF(K86="D",0.25,IF(K86="E",0,"Blm Diisi"))))),IF(J86="%",IF(K86="","Blm Diisi",K86),IF(J86="Jumlah",IF(K86="","Blm Diisi",""),IF(J86="Rupiah",IF(K86="","Blm Diisi",""),IF(J86="","","-")))))))) -> 1 | O86: pengaduan masyarakat ditindaklanjuti | Q86: https://drive.google.com/file/d/1omnG2oCSUxHTmbuqni3NP5nQ3QBYK2K_/view?usp=sharing
A87: 89 | F87: c. | G87: Telah dilakukan monitoring dan evaluasi atas penanganan pengaduan masyarakat | I87: a. Jika penanganan pengaduan masyarakat dimonitoring dan evaluasi secara berkala b. Jika penanganan pengaduan masyarakat dimonitoring dan evaluasi tetapi tidak secara berkala c. Jika penanganan pengaduan masyarakat belum di monitoring dan evaluasi | J87: A/B/C | K87: A | L87: =IF(J87="Ya/Tidak",IF(K87="Ya",1,IF(K87="Tidak",0,"Blm Diisi")),IF(J87="A/B/C",IF(K87="A",1,IF(K87="B",0.5,IF(K87="C",0,"Blm Diisi"))),IF(J87="A/B/C/D",IF(K87="A",1,IF(K87="B",0.67,IF(K87="C",0.33,IF(K87="D",0,"Blm Diisi")))),IF(J87="A/B/C/D/E",IF(K87="A",1,IF(K87="B",0.75,IF(K87="C",0.5,IF(K87="D",0.25,IF(K87="E",0,"Blm Diisi"))))),IF(J87="%",IF(K87="","Blm Diisi",K87),IF(J87="Jumlah",IF(K87="","Blm Diisi",""),IF(J87="Rupiah",IF(K87="","Blm Diisi",""),IF(J87="","","-")))))))) -> 1 | O87: penanganan pengaduan masyarakat dimonitoring dan evaluasi secara berkala | Q87: https://drive.google.com/file/d/1HLDMh-7I0LHmZZ2WRi__oSrFuIzObJaN/view?usp=sharing
A88: 90 | F88: d. | G88: Hasil evaluasi atas penanganan pengaduan masyarakat telah ditindaklanjuti | I88: a. Jika seluruh hasil evaluasi atas penanganan pengaduan telah ditindaklanjuti oleh unit kerja b. Jika sebagian hasil evaluasi atas penanganan pengaduan telah ditindaklanjuti oleh unit kerja c. Jika hasil evaluasi atas penanganan pengaduan belum ditindaklanjuti | J88: A/B/C | K88: A | L88: =IF(J88="Ya/Tidak",IF(K88="Ya",1,IF(K88="Tidak",0,"Blm Diisi")),IF(J88="A/B/C",IF(K88="A",1,IF(K88="B",0.5,IF(K88="C",0,"Blm Diisi"))),IF(J88="A/B/C/D",IF(K88="A",1,IF(K88="B",0.67,IF(K88="C",0.33,IF(K88="D",0,"Blm Diisi")))),IF(J88="A/B/C/D/E",IF(K88="A",1,IF(K88="B",0.75,IF(K88="C",0.5,IF(K88="D",0.25,IF(K88="E",0,"Blm Diisi"))))),IF(J88="%",IF(K88="","Blm Diisi",K88),IF(J88="Jumlah",IF(K88="","Blm Diisi",""),IF(J88="Rupiah",IF(K88="","Blm Diisi",""),IF(J88="","","-")))))))) -> 1 | O88: seluruh hasil evaluasi atas penanganan pengaduan telah ditindaklanjuti oleh unit kerja | Q88: https://drive.google.com/file/d/1TwFqoqSayFNuY4o1iMZBDMTM9ncdiDxF/view?usp=sharing
A89: 91 | E89: iv. | F89: Whistle-Blowing System | H89: 1.5 | L89: =AVERAGE(L90:L93)*H89 -> 1.5 | M89: =L89/H89 -> 1
A90: 92 | L90: =IF(J90="Ya/Tidak",IF(K90="Ya",1,IF(K90="Tidak",0,"Blm Diisi")),IF(J90="A/B/C",IF(K90="A",1,IF(K90="B",0.5,IF(K90="C",0,"Blm Diisi"))),IF(J90="A/B/C/D",IF(K90="A",1,IF(K90="B",0.67,IF(K90="C",0.33,IF(K90="D",0,"Blm Diisi")))),IF(J90="A/B/C/D/E",IF(K90="A",1,IF(K90="B",0.75,IF(K90="C",0.5,IF(K90="D",0.25,IF(K90="E",0,"Blm Diisi"))))),IF(J90="%",IF(K90="","Blm Diisi",K90),IF(J90="Jumlah",IF(K90="","Blm Diisi",""),IF(J90="Rupiah",IF(K90="","Blm Diisi",""),IF(J90="","","-"))))))))
A91: 93 | F91: a. | G91: Whistle Blowing System telah diterapkan | I91: a. Jika unit kerja menerapkan seluruh kebijakan Whistle Blowing System sesuai dengan yang ditetapkan organisasi dan juga membuat inovasi terkait pelaksanaan Whistle Blowing System yang sesuai dengan karakteristik unit kerja b. Jika unit kerja menerapkan kebijakan Whistle Blowing System sesuai dengan yang ditetapkan organisasi c. Jika unit kerja belum menerapkan kebijakan Whistle Blowing System | J91: A/B/C | K91: A | L91: =IF(J91="Ya/Tidak",IF(K91="Ya",1,IF(K91="Tidak",0,"Blm Diisi")),IF(J91="A/B/C",IF(K91="A",1,IF(K91="B",0.5,IF(K91="C",0,"Blm Diisi"))),IF(J91="A/B/C/D",IF(K91="A",1,IF(K91="B",0.67,IF(K91="C",0.33,IF(K91="D",0,"Blm Diisi")))),IF(J91="A/B/C/D/E",IF(K91="A",1,IF(K91="B",0.75,IF(K91="C",0.5,IF(K91="D",0.25,IF(K91="E",0,"Blm Diisi"))))),IF(J91="%",IF(K91="","Blm Diisi",K91),IF(J91="Jumlah",IF(K91="","Blm Diisi",""),IF(J91="Rupiah",IF(K91="","Blm Diisi",""),IF(J91="","","-")))))))) -> 1 | O91: unit kerja menerapkan seluruh kebijakan Whistle Blowing System sesuai dengan yang ditetapkan organisasi | Q91: https://drive.google.com/file/d/1o5gJ4Gu4xzNNlaMdf1TOyyMUYPXUjk1o/view?usp=sharing
A92: 94 | F92: b. | G92: Telah dilakukan evaluasi atas penerapan Whistle Blowing System | I92: a. Jika penerapan Whistle Blowing System dimonitoring dan evaluasi secara berkala b. Jika penerapan Whistle Blowing System dimonitoring dan evaluasi tidak secara berkala c. Jika penerapan Whistle Blowing System belum di monitoring dan evaluasi | J92: A/B/C | K92: A | L92: =IF(J92="Ya/Tidak",IF(K92="Ya",1,IF(K92="Tidak",0,"Blm Diisi")),IF(J92="A/B/C",IF(K92="A",1,IF(K92="B",0.5,IF(K92="C",0,"Blm Diisi"))),IF(J92="A/B/C/D",IF(K92="A",1,IF(K92="B",0.67,IF(K92="C",0.33,IF(K92="D",0,"Blm Diisi")))),IF(J92="A/B/C/D/E",IF(K92="A",1,IF(K92="B",0.75,IF(K92="C",0.5,IF(K92="D",0.25,IF(K92="E",0,"Blm Diisi"))))),IF(J92="%",IF(K92="","Blm Diisi",K92),IF(J92="Jumlah",IF(K92="","Blm Diisi",""),IF(J92="Rupiah",IF(K92="","Blm Diisi",""),IF(J92="","","-")))))))) -> 1 | O92: penerapan Whistle Blowing System dimonitoring dan evaluasi secara berkala | Q92: https://drive.google.com/file/d/1_4OGKoPrUi5Laj1hWhAXY4v0VOpet3ti/view?usp=sharing
A93: 95 | F93: c. | G93: Hasil evaluasi atas penerapan Whistle Blowing System telah ditindaklanjuti | I93: a. Jika seluruh hasil evaluasi atas penerapan Whistle Blowing System telah ditindaklanjuti oleh unit kerja b. Jika sebagian hasil evaluasi atas penerapan Whistle Blowing System telah ditindaklanjuti oleh unit kerja c. Jika hasil evaluasi atas penerapan Whistle Blowing System belum ditindaklanjuti | J93: A/B/C | K93: A | L93: =IF(J93="Ya/Tidak",IF(K93="Ya",1,IF(K93="Tidak",0,"Blm Diisi")),IF(J93="A/B/C",IF(K93="A",1,IF(K93="B",0.5,IF(K93="C",0,"Blm Diisi"))),IF(J93="A/B/C/D",IF(K93="A",1,IF(K93="B",0.67,IF(K93="C",0.33,IF(K93="D",0,"Blm Diisi")))),IF(J93="A/B/C/D/E",IF(K93="A",1,IF(K93="B",0.75,IF(K93="C",0.5,IF(K93="D",0.25,IF(K93="E",0,"Blm Diisi"))))),IF(J93="%",IF(K93="","Blm Diisi",K93),IF(J93="Jumlah",IF(K93="","Blm Diisi",""),IF(J93="Rupiah",IF(K93="","Blm Diisi",""),IF(J93="","","-")))))))) -> 1 | O93: seluruh hasil evaluasi atas penerapan Whistle Blowing System telah ditindaklanjuti oleh unit kerja | Q93: https://drive.google.com/file/d/1HekPn9Wp1yGyH52MthBnjRXJ5G8rrjjk/view?usp=sharing
A94: 96 | E94: v. | F94: Penanganan Benturan Kepentingan | H94: 1.5 | L94: =AVERAGE(L95:L99)*H94 -> 1.5 | M94: =L94/H94 -> 1
A95: 97 | F95: a. | G95: Telah terdapat identifikasi/pemetaan benturan kepentingan dalam tugas fungsi utama | I95: a. Jika terdapat identifikasi/pemetaan benturan kepentingan pada seluruh tugas fungsi utama b. Jika terdapat identifikasi/pemetaan benturan kepentingan tetapi pada sebagian besar tugas fungsi utama c. Jika terdapat identifikasi/pemetaan benturan kepentingan tetapi pada sebagian kecil tugas fungsi utama d. Jika belum terdapat identifikasi/pemetaan benturan kepentingan dalam tugas fungsi utama | J95: A/B/C/D | K95: A | L95: =IF(J95="Ya/Tidak",IF(K95="Ya",1,IF(K95="Tidak",0,"Blm Diisi")),IF(J95="A/B/C",IF(K95="A",1,IF(K95="B",0.5,IF(K95="C",0,"Blm Diisi"))),IF(J95="A/B/C/D",IF(K95="A",1,IF(K95="B",0.67,IF(K95="C",0.33,IF(K95="D",0,"Blm Diisi")))),IF(J95="A/B/C/D/E",IF(K95="A",1,IF(K95="B",0.75,IF(K95="C",0.5,IF(K95="D",0.25,IF(K95="E",0,"Blm Diisi"))))),IF(J95="%",IF(K95="","Blm Diisi",K95),IF(J95="Jumlah",IF(K95="","Blm Diisi",""),IF(J95="Rupiah",IF(K95="","Blm Diisi",""),IF(J95="","","-")))))))) -> 1 | O95: sudah terdapat identifikasi/pemetaan benturan kepentingan tetapi pada seluruh tugas fungsi utama | Q95: https://drive.google.com/file/d/1_kyluQji286ZMeB50QQ2O3HhgiMkVldR/view?usp=sharing
A96: 98 | F96: b. | G96: Penanganan Benturan Kepentingan telah disosialisasikan/internalisasi | I96: a. Jika penanganan Benturan Kepentingan disosialiasikan/diinternalisasikan ke seluruh layanan b. Jika penanganan Benturan Kepentingan disosialiasikan/diinternalisasikan ke sebagian besar layanan c. Jika penanganan Benturan Kepentingan disosialiasikan/diinternalisasikan ke sebagian kecil layanan d. Jika penanganan Benturan Kepentingan belum disosialiasikan/diinternalisasikan ke seluruh layanan | J96: A/B/C/D | K96: A | L96: =IF(J96="Ya/Tidak",IF(K96="Ya",1,IF(K96="Tidak",0,"Blm Diisi")),IF(J96="A/B/C",IF(K96="A",1,IF(K96="B",0.5,IF(K96="C",0,"Blm Diisi"))),IF(J96="A/B/C/D",IF(K96="A",1,IF(K96="B",0.67,IF(K96="C",0.33,IF(K96="D",0,"Blm Diisi")))),IF(J96="A/B/C/D/E",IF(K96="A",1,IF(K96="B",0.75,IF(K96="C",0.5,IF(K96="D",0.25,IF(K96="E",0,"Blm Diisi"))))),IF(J96="%",IF(K96="","Blm Diisi",K96),IF(J96="Jumlah",IF(K96="","Blm Diisi",""),IF(J96="Rupiah",IF(K96="","Blm Diisi",""),IF(J96="","","-")))))))) -> 1 | O96: penanganan Benturan Kepentingan disosialiasikan/diinternalisasikan ke seluruh layanan | Q96: https://drive.google.com/file/d/1XhGimsMS4SfVNhkVOJq1WQEtDNvLszfa/view?usp=sharing
A97: 99 | F97: c. | G97: Penanganan Benturan Kepentingan telah diimplementasikan | I97: a. Jika penanganan Benturan Kepentingan diimplementasikan ke seluruh layanan b. Jika penanganan Benturan Kepentingan diimplementasikan ke sebagian besar layanan c. Jika penanganan Benturan Kepentingan diimplementasikan ke sebagian kecil layanan d. Jika penanganan Benturan Kepentingan belum diimplementasikan ke seluruh layanan | J97: A/B/C/D | K97: A | L97: =IF(J97="Ya/Tidak",IF(K97="Ya",1,IF(K97="Tidak",0,"Blm Diisi")),IF(J97="A/B/C",IF(K97="A",1,IF(K97="B",0.5,IF(K97="C",0,"Blm Diisi"))),IF(J97="A/B/C/D",IF(K97="A",1,IF(K97="B",0.67,IF(K97="C",0.33,IF(K97="D",0,"Blm Diisi")))),IF(J97="A/B/C/D/E",IF(K97="A",1,IF(K97="B",0.75,IF(K97="C",0.5,IF(K97="D",0.25,IF(K97="E",0,"Blm Diisi"))))),IF(J97="%",IF(K97="","Blm Diisi",K97),IF(J97="Jumlah",IF(K97="","Blm Diisi",""),IF(J97="Rupiah",IF(K97="","Blm Diisi",""),IF(J97="","","-")))))))) -> 1 | O97: penanganan Benturan Kepentingan diimplementasikan ke seluruh layanan | Q97: https://drive.google.com/file/d/1LSnr5dM2kLdTAbxSdUP0cm0Nd_m8LJYW/view?usp=sharing
A98: 100 | F98: d. | G98: Telah dilakukan evaluasi atas Penanganan Benturan Kepentingan | I98: a. Jika penanganan Benturan Kepentingan dievaluasi secara berkala oleh unit kerja b. Jika penanganan Benturan Kepentingan dievaluasi tetapi tidak secara berkala oleh unit kerja c. Jika penanganan Benturan Kepentingan belum dievaluasi oleh unit kerja | J98: A/B/C | K98: A | L98: =IF(J98="Ya/Tidak",IF(K98="Ya",1,IF(K98="Tidak",0,"Blm Diisi")),IF(J98="A/B/C",IF(K98="A",1,IF(K98="B",0.5,IF(K98="C",0,"Blm Diisi"))),IF(J98="A/B/C/D",IF(K98="A",1,IF(K98="B",0.67,IF(K98="C",0.33,IF(K98="D",0,"Blm Diisi")))),IF(J98="A/B/C/D/E",IF(K98="A",1,IF(K98="B",0.75,IF(K98="C",0.5,IF(K98="D",0.25,IF(K98="E",0,"Blm Diisi"))))),IF(J98="%",IF(K98="","Blm Diisi",K98),IF(J98="Jumlah",IF(K98="","Blm Diisi",""),IF(J98="Rupiah",IF(K98="","Blm Diisi",""),IF(J98="","","-")))))))) -> 1 | O98: penanganan Benturan Kepentingan dievaluasi secara berkala oleh unit kerja | Q98: https://drive.google.com/file/d/1Fu69qS-atzRyolutwy3Z1mDgdbd4KJr-/view?usp=sharing
A99: 101 | F99: e. | G99: Hasil evaluasi atas Penanganan Benturan Kepentingan telah ditindaklanjuti | I99: a. Jika seluruh hasil evaluasi atas Penanganan Benturan Kepentingan telah ditindaklanjuti oleh unit kerja b. Jika sebagian hasil evaluasi atas Penanganan Benturan Kepentingan telah ditindaklanjuti oleh unit kerja c. Jika belum ada hasil evaluasi atas Penanganan Benturan Kepentingan yang ditindaklanjuti unit kerja | J99: A/B/C | K99: A | L99: =IF(J99="Ya/Tidak",IF(K99="Ya",1,IF(K99="Tidak",0,"Blm Diisi")),IF(J99="A/B/C",IF(K99="A",1,IF(K99="B",0.5,IF(K99="C",0,"Blm Diisi"))),IF(J99="A/B/C/D",IF(K99="A",1,IF(K99="B",0.67,IF(K99="C",0.33,IF(K99="D",0,"Blm Diisi")))),IF(J99="A/B/C/D/E",IF(K99="A",1,IF(K99="B",0.75,IF(K99="C",0.5,IF(K99="D",0.25,IF(K99="E",0,"Blm Diisi"))))),IF(J99="%",IF(K99="","Blm Diisi",K99),IF(J99="Jumlah",IF(K99="","Blm Diisi",""),IF(J99="Rupiah",IF(K99="","Blm Diisi",""),IF(J99="","","-")))))))) -> 1 | O99: seluruh hasil evaluasi atas Penanganan Benturan Kepentingan telah ditindaklanjuti oleh unit kerja | Q99: https://drive.google.com/file/d/1Pk9lyRM2lsnffDQQePOG1QvoRlPGhRS3/view?usp=sharing
A100: 102 | D100: 6. | E100: PENINGKATAN KUALITAS PELAYANAN PUBLIK | H100: 5 | L100: =SUM(L101,L106,L117,L121,L113) -> 5 | M100: =L100/H100 -> 1
...
